pair,orch,threads,regs,local_bytes,smem_total,smem_static,smem_dynamic,soloA_smem,soloB_smem,soloA_regs,soloB_regs,max_solo_smem,sum_solo_smem,num_barriers,ctas_per_sm,limit_by,launch_bounds,n_syncthreads,"partial_barriers(id,n)","bar_sync(id,n)",allreduce_named_barrier_threads,smem_view_offsets,cp_async_conditional,cp_async
gd_e0,sm_static_n188_dbg,128,232,0,73216,0,73216,98304,74752,192,118,98304,173056,3,1,smem,"128, 1",26,[],[],['128'],"[0, 16, 1024, 5120, 33792, 37888, 70656, 72704]",0,10
gd_e0,sm_static_to_n188_dbg,128,246,0,73216,0,73216,98304,74752,192,118,98304,173056,3,1,smem,"128, 1",26,[],[],['128'],"[0, 16, 1024, 5120, 33792, 37888, 70656, 72704]",0,10
gd_e0,sm_dynamic_c1-1_n188_dbg,128,230,0,73216,0,73216,98304,74752,192,118,98304,173056,3,1,smem,"128, 1",26,[],[],['128'],"[0, 16, 1024, 5120, 33792, 37888, 70656, 72704]",0,10
gd_e0,sm_dynamic_c1-1_to_n188_dbg,128,230,0,73216,0,73216,98304,74752,192,118,98304,173056,3,1,smem,"128, 1",26,[],[],['128'],"[0, 16, 1024, 5120, 33792, 37888, 70656, 72704]",0,10
gd_e0,sm_static_n188,128,236,0,73216,0,73216,98304,74752,192,118,98304,173056,3,1,smem,"128, 1",26,[],[],['128'],"[0, 16, 1024, 5120, 33792, 37888, 70656, 72704]",0,10
gd_e0,sm_static_to_n188,128,242,0,73216,0,73216,98304,74752,192,118,98304,173056,3,1,smem,"128, 1",26,[],[],['128'],"[0, 16, 1024, 5120, 33792, 37888, 70656, 72704]",0,10
gd_e0,sm_dynamic_c1-1_n188,128,236,0,73216,0,73216,98304,74752,192,118,98304,173056,3,1,smem,"128, 1",26,[],[],['128'],"[0, 16, 1024, 5120, 33792, 37888, 70656, 72704]",0,10
gd_e0,sm_dynamic_c1-1_to_n188,128,224,0,73216,0,73216,98304,74752,192,118,98304,173056,3,1,smem,"128, 1",26,[],[],['128'],"[0, 16, 1024, 5120, 33792, 37888, 70656, 72704]",0,10
gd_e0,sum,128,242,0,173072,0,173072,98304,74752,192,118,98304,173056,3,0,smem,"128, 1",26,[],[],['128'],"[0, 32768, 65536, 98304, 131072, 163840, 167936, 169984, 170496, 171008, 171520, 172032, 172544, 173056]",0,10
gd_split,sm_static_n188_dbg,128,254,0,73216,0,73216,98320,74768,254,139,98320,173088,3,1,smem,"128, 1",30,[],[],['128'],"[0, 16, 1024, 2048, 5120, 33792, 37888, 70656, 72704]",0,10
gd_split,sm_static_to_n188_dbg,128,253,0,73216,0,73216,98320,74768,254,139,98320,173088,3,1,smem,"128, 1",30,[],[],['128'],"[0, 16, 1024, 2048, 5120, 33792, 37888, 70656, 72704]",0,10
gd_split,sm_dynamic_c1-1_n188_dbg,128,253,0,73216,0,73216,98320,74768,254,139,98320,173088,3,1,smem,"128, 1",30,[],[],['128'],"[0, 16, 1024, 2048, 5120, 33792, 37888, 70656, 72704]",0,10
gd_split,sm_dynamic_c1-1_to_n188_dbg,128,254,0,73216,0,73216,98320,74768,254,139,98320,173088,3,1,smem,"128, 1",30,[],[],['128'],"[0, 16, 1024, 2048, 5120, 33792, 37888, 70656, 72704]",0,10
gd_split,sm_static_n188,128,254,0,73216,0,73216,98320,74768,254,139,98320,173088,3,1,smem,"128, 1",30,[],[],['128'],"[0, 16, 1024, 2048, 5120, 33792, 37888, 70656, 72704]",0,10
gd_split,sm_static_to_n188,128,254,0,73216,0,73216,98320,74768,254,139,98320,173088,3,1,smem,"128, 1",30,[],[],['128'],"[0, 16, 1024, 2048, 5120, 33792, 37888, 70656, 72704]",0,10
gd_split,sm_dynamic_c1-1_n188,128,254,0,73216,0,73216,98320,74768,254,139,98320,173088,3,1,smem,"128, 1",30,[],[],['128'],"[0, 16, 1024, 2048, 5120, 33792, 37888, 70656, 72704]",0,10
gd_split,sm_dynamic_c1-1_to_n188,128,253,0,73216,0,73216,98320,74768,254,139,98320,173088,3,1,smem,"128, 1",30,[],[],['128'],"[0, 16, 1024, 2048, 5120, 33792, 37888, 70656, 72704]",0,10
gd_split,sum,128,253,0,175120,0,175120,98320,74768,254,139,98320,173088,3,0,smem,"128, 1",30,[],[],['128'],"[0, 32768, 65536, 98304, 131072, 163840, 167936, 169984, 170496, 171008, 171520, 172032, 172544, 173056, 174080, 175104]",0,10
gd_thr,sm_static_n188_dbg,256,177,0,73216,0,73216,98304,74768,126,140,98304,173072,4,1,regs+smem,"256, 1",10,"[(3, 128)]",[],['128'],"[0, 16, 1024, 5120, 33792, 37888, 70656, 72704]",0,10
gd_thr,sm_static_to_n188_dbg,256,193,0,73216,0,73216,98304,74768,126,140,98304,173072,4,1,regs+smem,"256, 1",10,"[(3, 128)]",[],['128'],"[0, 16, 1024, 5120, 33792, 37888, 70656, 72704]",0,10
gd_thr,sm_dynamic_c1-1_n188_dbg,256,175,0,73216,0,73216,98304,74768,126,140,98304,173072,4,1,regs+smem,"256, 1",10,"[(3, 128)]",[],['128'],"[0, 16, 1024, 5120, 33792, 37888, 70656, 72704]",0,10
gd_thr,sm_dynamic_c1-1_to_n188_dbg,256,168,0,73216,0,73216,98304,74768,126,140,98304,173072,4,1,regs+smem,"256, 1",10,"[(3, 128)]",[],['128'],"[0, 16, 1024, 5120, 33792, 37888, 70656, 72704]",0,10
gd_thr,sm_static_n188,256,174,0,73216,0,73216,98304,74768,126,140,98304,173072,4,1,regs+smem,"256, 1",10,"[(3, 128)]",[],['128'],"[0, 16, 1024, 5120, 33792, 37888, 70656, 72704]",0,10
gd_thr,sm_static_to_n188,256,189,0,73216,0,73216,98304,74768,126,140,98304,173072,4,1,regs+smem,"256, 1",10,"[(3, 128)]",[],['128'],"[0, 16, 1024, 5120, 33792, 37888, 70656, 72704]",0,10
gd_thr,sm_dynamic_c1-1_n188,256,172,0,73216,0,73216,98304,74768,126,140,98304,173072,4,1,regs+smem,"256, 1",10,"[(3, 128)]",[],['128'],"[0, 16, 1024, 5120, 33792, 37888, 70656, 72704]",0,10
gd_thr,sm_dynamic_c1-1_to_n188,256,165,0,73216,0,73216,98304,74768,126,140,98304,173072,4,1,regs+smem,"256, 1",10,"[(3, 128)]",[],['128'],"[0, 16, 1024, 5120, 33792, 37888, 70656, 72704]",0,10
gd_thr,sum,256,190,0,174096,0,174096,98304,74768,126,140,98304,173072,4,0,smem,"256, 1",11,"[(3, 128)]",[],['128'],"[0, 32768, 65536, 98304, 131072, 163840, 167936, 169984, 170496, 171008, 171520, 172032, 172544, 173056, 174080]",0,10
gd_small,sm_static_n376_dbg_mb2,128,201,0,38912,0,38912,40960,39440,88,172,40960,80400,4,2,regs+smem,"128, 2",10,"[(3, 64)]",[],['64'],"[0, 16, 272, 1024, 5120, 17408, 21504, 37888]",0,10
gd_small,sm_static_to_n376_dbg_mb2,128,216,0,38912,0,38912,40960,39440,88,172,40960,80400,4,2,regs+smem,"128, 2",10,"[(3, 64)]",[],['64'],"[0, 16, 272, 1024, 5120, 17408, 21504, 37888]",0,10
gd_small,sm_dynamic_c1-1_n376_dbg_mb2,128,199,0,38912,0,38912,40960,39440,88,172,40960,80400,4,2,regs+smem,"128, 2",10,"[(3, 64)]",[],['64'],"[0, 16, 272, 1024, 5120, 17408, 21504, 37888]",0,10
gd_small,sm_dynamic_c1-1_to_n376_dbg_mb2,128,192,0,38912,0,38912,40960,39440,88,172,40960,80400,4,2,regs+smem,"128, 2",10,"[(3, 64)]",[],['64'],"[0, 16, 272, 1024, 5120, 17408, 21504, 37888]",0,10
gd_small,cta_static_n376_dbg_mb2,128,197,0,38912,0,38912,40960,39440,88,172,40960,80400,4,2,regs+smem,"128, 2",10,"[(3, 64)]",[],['64'],"[0, 16, 272, 1024, 5120, 17408, 21504, 37888]",0,10
gd_small,cta_static_to_n376_dbg_mb2,128,204,0,38912,0,38912,40960,39440,88,172,40960,80400,4,2,regs+smem,"128, 2",10,"[(3, 64)]",[],['64'],"[0, 16, 272, 1024, 5120, 17408, 21504, 37888]",0,10
gd_small,cta_dynamic_c1-1_n376_dbg_mb2,128,195,0,38912,0,38912,40960,39440,88,172,40960,80400,4,2,regs+smem,"128, 2",10,"[(3, 64)]",[],['64'],"[0, 16, 272, 1024, 5120, 17408, 21504, 37888]",0,10
gd_small,cta_dynamic_c1-1_to_n376_dbg_mb2,128,191,0,38912,0,38912,40960,39440,88,172,40960,80400,4,2,regs+smem,"128, 2",10,"[(3, 64)]",[],['64'],"[0, 16, 272, 1024, 5120, 17408, 21504, 37888]",0,10
gd_small,sm_static_n376_mb2,128,198,0,38912,0,38912,40960,39440,88,172,40960,80400,4,2,regs+smem,"128, 2",10,"[(3, 64)]",[],['64'],"[0, 16, 272, 1024, 5120, 17408, 21504, 37888]",0,10
gd_small,sm_static_to_n376_mb2,128,213,0,38912,0,38912,40960,39440,88,172,40960,80400,4,2,regs+smem,"128, 2",10,"[(3, 64)]",[],['64'],"[0, 16, 272, 1024, 5120, 17408, 21504, 37888]",0,10
gd_small,sm_dynamic_c1-1_n376_mb2,128,196,0,38912,0,38912,40960,39440,88,172,40960,80400,4,2,regs+smem,"128, 2",10,"[(3, 64)]",[],['64'],"[0, 16, 272, 1024, 5120, 17408, 21504, 37888]",0,10
gd_small,sm_dynamic_c1-1_to_n376_mb2,128,189,0,38912,0,38912,40960,39440,88,172,40960,80400,4,2,regs+smem,"128, 2",10,"[(3, 64)]",[],['64'],"[0, 16, 272, 1024, 5120, 17408, 21504, 37888]",0,10
gd_small,cta_static_n376_mb2,128,194,0,38912,0,38912,40960,39440,88,172,40960,80400,4,2,regs+smem,"128, 2",10,"[(3, 64)]",[],['64'],"[0, 16, 272, 1024, 5120, 17408, 21504, 37888]",0,10
gd_small,cta_static_to_n376_mb2,128,201,0,38912,0,38912,40960,39440,88,172,40960,80400,4,2,regs+smem,"128, 2",10,"[(3, 64)]",[],['64'],"[0, 16, 272, 1024, 5120, 17408, 21504, 37888]",0,10
gd_small,cta_dynamic_c1-1_n376_mb2,128,192,0,38912,0,38912,40960,39440,88,172,40960,80400,4,2,regs+smem,"128, 2",10,"[(3, 64)]",[],['64'],"[0, 16, 272, 1024, 5120, 17408, 21504, 37888]",0,10
gd_small,cta_dynamic_c1-1_to_n376_mb2,128,188,0,38912,0,38912,40960,39440,88,172,40960,80400,4,2,regs+smem,"128, 2",10,"[(3, 64)]",[],['64'],"[0, 16, 272, 1024, 5120, 17408, 21504, 37888]",0,10
gd_small,sum,128,193,0,80912,0,80912,40960,39440,88,172,40960,80400,4,1,smem,"128, 1",11,"[(3, 64)]",[],['64'],"[0, 16384, 32768, 49152, 65536, 73728, 77824, 78848, 79104, 79360, 79616, 79872, 80128, 80384, 80896]",0,10
gr_e0,sm_static_n188_dbg,256,221,0,66560,0,66560,98304,32,192,39,98304,98336,4,1,regs+smem,"256, 1",6,"[(3, 128)]",[],[],"[0, 1024, 33792]",0,4
gr_e0,sm_static_to_n188_dbg,256,234,0,66560,0,66560,98304,32,192,39,98304,98336,4,1,regs+smem,"256, 1",6,"[(3, 128)]",[],[],"[0, 1024, 33792]",0,4
gr_e0,sm_dynamic_c1-4_n188_dbg,256,219,0,66560,0,66560,98304,32,192,39,98304,98336,4,1,regs+smem,"256, 1",6,"[(3, 128)]",[],[],"[0, 1024, 33792]",0,4
gr_e0,sm_dynamic_c1-4_to_n188_dbg,256,212,0,66560,0,66560,98304,32,192,39,98304,98336,4,1,regs+smem,"256, 1",6,"[(3, 128)]",[],[],"[0, 1024, 33792]",0,4
gr_e0,sm_static_n188,256,218,0,66560,0,66560,98304,32,192,39,98304,98336,4,1,regs+smem,"256, 1",6,"[(3, 128)]",[],[],"[0, 1024, 33792]",0,4
gr_e0,sm_static_to_n188,256,232,0,66560,0,66560,98304,32,192,39,98304,98336,4,1,regs+smem,"256, 1",6,"[(3, 128)]",[],[],"[0, 1024, 33792]",0,4
gr_e0,sm_dynamic_c1-4_n188,256,216,0,66560,0,66560,98304,32,192,39,98304,98336,4,1,regs+smem,"256, 1",6,"[(3, 128)]",[],[],"[0, 1024, 33792]",0,4
gr_e0,sm_dynamic_c1-4_to_n188,256,209,0,66560,0,66560,98304,32,192,39,98304,98336,4,1,regs+smem,"256, 1",6,"[(3, 128)]",[],[],"[0, 1024, 33792]",0,4
gr_e0,sum,256,214,0,98352,0,98352,98304,32,192,39,98304,98336,4,1,regs+smem,"256, 1",7,"[(3, 128)]",[],[],"[0, 32768, 65536, 98304, 98336]",0,4
gr_split,sm_static_n188_dbg,256,207,0,66560,0,66560,98320,64,150,168,98320,98384,4,1,regs+smem,"256, 1",12,"[(3, 128)]",[],[],"[0, 1024, 2048, 33792]",0,4
gr_split,sm_static_to_n188_dbg,256,226,0,66560,0,66560,98320,64,150,168,98320,98384,4,1,regs+smem,"256, 1",12,"[(3, 128)]",[],[],"[0, 1024, 2048, 33792]",0,4
gr_split,sm_dynamic_c1-4_n188_dbg,256,205,0,66560,0,66560,98320,64,150,168,98320,98384,4,1,regs+smem,"256, 1",12,"[(3, 128)]",[],[],"[0, 1024, 2048, 33792]",0,4
gr_split,sm_dynamic_c1-4_to_n188_dbg,256,205,0,66560,0,66560,98320,64,150,168,98320,98384,4,1,regs+smem,"256, 1",12,"[(3, 128)]",[],[],"[0, 1024, 2048, 33792]",0,4
gr_split,sm_static_n188,256,209,0,66560,0,66560,98320,64,150,168,98320,98384,4,1,regs+smem,"256, 1",12,"[(3, 128)]",[],[],"[0, 1024, 2048, 33792]",0,4
gr_split,sm_static_to_n188,256,215,0,66560,0,66560,98320,64,150,168,98320,98384,4,1,regs+smem,"256, 1",12,"[(3, 128)]",[],[],"[0, 1024, 2048, 33792]",0,4
gr_split,sm_dynamic_c1-4_n188,256,215,0,66560,0,66560,98320,64,150,168,98320,98384,4,1,regs+smem,"256, 1",12,"[(3, 128)]",[],[],"[0, 1024, 2048, 33792]",0,4
gr_split,sm_dynamic_c1-4_to_n188,256,210,0,66560,0,66560,98320,64,150,168,98320,98384,4,1,regs+smem,"256, 1",12,"[(3, 128)]",[],[],"[0, 1024, 2048, 33792]",0,4
gr_split,sum,256,215,0,99344,0,99344,98320,64,150,168,98320,98384,4,1,regs+smem,"256, 1",12,"[(3, 128)]",[],[],"[0, 32768, 65536, 98304, 98368, 99328]",0,4
gr_small,sm_static_n752_dbg_mb4,128,128,0,17408,0,17408,24576,32,80,96,24576,24608,1,4,regs,"128, 4",12,[],[],[],"[0, 1024, 9216]",0,4
gr_small,sm_static_to_n752_dbg_mb4,128,127,0,17408,0,17408,24576,32,80,96,24576,24608,1,4,regs,"128, 4",12,[],[],[],"[0, 1024, 9216]",0,4
gr_small,sm_dynamic_c1-4_n752_dbg_mb4,128,128,0,17408,0,17408,24576,32,80,96,24576,24608,1,4,regs,"128, 4",12,[],[],[],"[0, 1024, 9216]",0,4
gr_small,sm_dynamic_c1-4_to_n752_dbg_mb4,128,127,0,17408,0,17408,24576,32,80,96,24576,24608,1,4,regs,"128, 4",12,[],[],[],"[0, 1024, 9216]",0,4
gr_small,cta_static_n752_dbg_mb4,128,128,0,17408,0,17408,24576,32,80,96,24576,24608,1,4,regs,"128, 4",12,[],[],[],"[0, 1024, 9216]",0,4
gr_small,cta_static_to_n752_dbg_mb4,128,128,0,17408,0,17408,24576,32,80,96,24576,24608,1,4,regs,"128, 4",12,[],[],[],"[0, 1024, 9216]",0,4
gr_small,cta_dynamic_c1-4_n752_dbg_mb4,128,128,0,17408,0,17408,24576,32,80,96,24576,24608,1,4,regs,"128, 4",12,[],[],[],"[0, 1024, 9216]",0,4
gr_small,cta_dynamic_c1-4_to_n752_dbg_mb4,128,127,0,17408,0,17408,24576,32,80,96,24576,24608,1,4,regs,"128, 4",12,[],[],[],"[0, 1024, 9216]",0,4
gr_small,sm_static_n752_mb4,128,127,0,17408,0,17408,24576,32,80,96,24576,24608,1,4,regs,"128, 4",12,[],[],[],"[0, 1024, 9216]",0,4
gr_small,sm_static_to_n752_mb4,128,127,0,17408,0,17408,24576,32,80,96,24576,24608,1,4,regs,"128, 4",12,[],[],[],"[0, 1024, 9216]",0,4
gr_small,sm_dynamic_c1-4_n752_mb4,128,127,0,17408,0,17408,24576,32,80,96,24576,24608,1,4,regs,"128, 4",12,[],[],[],"[0, 1024, 9216]",0,4
gr_small,sm_dynamic_c1-4_to_n752_mb4,128,128,0,17408,0,17408,24576,32,80,96,24576,24608,1,4,regs,"128, 4",12,[],[],[],"[0, 1024, 9216]",0,4
gr_small,cta_static_n752_mb4,128,128,0,17408,0,17408,24576,32,80,96,24576,24608,1,4,regs,"128, 4",12,[],[],[],"[0, 1024, 9216]",0,4
gr_small,cta_static_to_n752_mb4,128,128,0,17408,0,17408,24576,32,80,96,24576,24608,1,4,regs,"128, 4",12,[],[],[],"[0, 1024, 9216]",0,4
gr_small,cta_dynamic_c1-4_n752_mb4,128,126,0,17408,0,17408,24576,32,80,96,24576,24608,1,4,regs,"128, 4",12,[],[],[],"[0, 1024, 9216]",0,4
gr_small,cta_dynamic_c1-4_to_n752_mb4,128,128,0,17408,0,17408,24576,32,80,96,24576,24608,1,4,regs,"128, 4",12,[],[],[],"[0, 1024, 9216]",0,4
gr_small,sum,128,127,0,24624,0,24624,24576,32,80,96,24576,24608,1,3,smem,"128, 1",12,[],[],[],"[0, 8192, 16384, 24576, 24608]",0,4
