op,config,build,kernel,numerics,numerics_key,num_tiles,grid,grid_src,threads,threads_src,threads_changed,regs,local_bytes,stack_bytes,smem_static,smem_dynamic,smem_total,smem_estimate,num_barriers,ctas_per_sm,limit_by,lim_warps,lim_regs,lim_smem,lim_barriers,smem_alloc_per_cta,warps_per_sm,occupancy,drv_regs,drv_smem_static,drv_local_bytes,drv_max_threads,drv_ctas_per_sm
gemm,64x64x32_s3_t128_k1_wsoff_smem_g8,grid,gemm_grid_64x64x32_s3_t128_k1_wsoff_smem_g8_cade05_kernel,E0,"('mma.sync.m16n8k16.bf16.f32', 1)",1024,1024,1024,128,128,False,98,0,0,0,24576,24576,24576,1,4,regs+smem,12,4,4,24,25600,16,0.3333333333333333,98,0,0,128,4
gemm,64x64x32_s3_t128_k1_wsoff_smem_g8,persistent,gemm_persistent_64x64x32_s3_t128_k1_wsoff_smem_g8_f9e30d_kernel,E0,"('mma.sync.m16n8k16.bf16.f32', 1)",1024,188,188,128,128,False,104,0,0,0,32768,32768,32768,1,3,smem,12,4,3,24,33792,12,0.25,104,0,0,128,3
gemm,64x64x64_s2_t128_k1_wsoff_smem_g8,grid,gemm_grid_64x64x64_s2_t128_k1_wsoff_smem_g8_d8c227_kernel,E0,"('mma.sync.m16n8k16.bf16.f32', 1)",1024,1024,1024,128,128,False,88,0,0,0,32768,32768,32768,1,3,smem,12,5,3,24,33792,12,0.25,88,0,0,128,3
gemm,64x64x64_s2_t128_k1_wsoff_smem_g8,persistent,gemm_persistent_64x64x64_s2_t128_k1_wsoff_smem_g8_d23ca3_kernel,E0,"('mma.sync.m16n8k16.bf16.f32', 1)",1024,188,188,128,128,False,88,0,0,0,40960,40960,40960,1,2,smem,12,5,2,24,41984,8,0.16666666666666666,88,0,0,128,2
gemm,64x64x64_s3_t128_k1_wsoff_smem_g8,grid,gemm_grid_64x64x64_s3_t128_k1_wsoff_smem_g8_b9ef45_kernel,E0,"('mma.sync.m16n8k16.bf16.f32', 1)",1024,1024,1024,128,128,False,95,0,0,0,49152,49152,49152,1,2,smem,12,5,2,24,50176,8,0.16666666666666666,95,0,0,128,2
gemm,64x64x64_s3_t128_k1_wsoff_smem_g8,persistent,gemm_persistent_64x64x64_s3_t128_k1_wsoff_smem_g8_36d151_kernel,E0,"('mma.sync.m16n8k16.bf16.f32', 1)",1024,188,188,128,128,False,102,0,0,0,57344,57344,57344,1,1,smem,12,4,1,24,58368,4,0.08333333333333333,102,0,0,128,1
gemm,64x64x32_s3_t256_k1_wsoff_smem_g8,grid,gemm_grid_64x64x32_s3_t256_k1_wsoff_smem_g8_7763cf_kernel,E0,"('mma.sync.m16n8k16.bf16.f32', 1)",1024,1024,1024,256,256,False,64,0,0,0,24576,24576,24576,1,4,regs+smem,6,4,4,24,25600,32,0.6666666666666666,64,0,0,256,4
gemm,64x64x32_s3_t256_k1_wsoff_smem_g8,persistent,gemm_persistent_64x64x32_s3_t256_k1_wsoff_smem_g8_f3b5f6_kernel,E0,"('mma.sync.m16n8k16.bf16.f32', 1)",1024,188,188,256,256,False,64,0,0,0,32768,32768,32768,1,3,smem,6,4,3,24,33792,24,0.5,64,0,0,256,3
gemm,64x64x64_s2_t256_k1_wsoff_smem_g8,grid,gemm_grid_64x64x64_s2_t256_k1_wsoff_smem_g8_d11675_kernel,E0,"('mma.sync.m16n8k16.bf16.f32', 1)",1024,1024,1024,256,256,False,62,0,0,0,32768,32768,32768,1,3,smem,6,4,3,24,33792,24,0.5,62,0,0,256,3
gemm,64x64x64_s2_t256_k1_wsoff_smem_g8,persistent,gemm_persistent_64x64x64_s2_t256_k1_wsoff_smem_g8_98b473_kernel,E0,"('mma.sync.m16n8k16.bf16.f32', 1)",1024,188,188,256,256,False,64,0,0,0,40960,40960,40960,1,2,smem,6,4,2,24,41984,16,0.3333333333333333,64,0,0,256,2
gemm,64x64x64_s3_t256_k1_wsoff_smem_g8,grid,gemm_grid_64x64x64_s3_t256_k1_wsoff_smem_g8_955ca3_kernel,E0,"('mma.sync.m16n8k16.bf16.f32', 1)",1024,1024,1024,256,256,False,72,0,0,0,49152,49152,49152,1,2,smem,6,3,2,24,50176,16,0.3333333333333333,72,0,0,256,2
gemm,64x64x64_s3_t256_k1_wsoff_smem_g8,persistent,gemm_persistent_64x64x64_s3_t256_k1_wsoff_smem_g8_5e93c0_kernel,E0,"('mma.sync.m16n8k16.bf16.f32', 1)",1024,188,188,256,256,False,80,0,0,0,57344,57344,57344,1,1,smem,6,3,1,24,58368,8,0.16666666666666666,80,0,0,256,1
gemm,64x128x32_s3_t128_k1_wsoff_smem_g8,grid,gemm_grid_64x128x32_s3_t128_k1_wsoff_smem_g8_13b898_kernel,E0,"('mma.sync.m16n8k16.bf16.f32', 1)",512,512,512,128,128,False,128,0,0,0,36864,36864,36864,1,2,smem,12,4,2,24,37888,8,0.16666666666666666,128,0,0,128,2
gemm,64x128x32_s3_t128_k1_wsoff_smem_g8,persistent,gemm_persistent_64x128x32_s3_t128_k1_wsoff_smem_g8_e53982_kernel,E0,"('mma.sync.m16n8k16.bf16.f32', 1)",512,171,171,128,128,False,142,0,0,0,53248,53248,53248,1,1,smem,12,3,1,24,54272,4,0.08333333333333333,142,0,0,128,1
gemm,64x128x64_s2_t128_k1_wsoff_smem_g8,grid,gemm_grid_64x128x64_s2_t128_k1_wsoff_smem_g8_4c4bb6_kernel,E0,"('mma.sync.m16n8k16.bf16.f32', 1)",512,512,512,128,128,False,134,0,0,0,49152,49152,49152,1,2,smem,12,3,2,24,50176,8,0.16666666666666666,134,0,0,128,2
gemm,64x128x64_s2_t128_k1_wsoff_smem_g8,persistent,gemm_persistent_64x128x64_s2_t128_k1_wsoff_smem_g8_22cc39_kernel,E0,"('mma.sync.m16n8k16.bf16.f32', 1)",512,171,171,128,128,False,135,0,0,0,65536,65536,65536,1,1,smem,12,3,1,24,66560,4,0.08333333333333333,135,0,0,128,1
gemm,64x128x64_s3_t128_k1_wsoff_smem_g8,grid,gemm_grid_64x128x64_s3_t128_k1_wsoff_smem_g8_3d55d6_kernel,E0,"('mma.sync.m16n8k16.bf16.f32', 1)",512,512,512,128,128,False,143,0,0,0,73728,73728,73728,1,1,smem,12,3,1,24,74752,4,0.08333333333333333,143,0,0,128,1
gemm,64x128x64_s3_t128_k1_wsoff_smem_g8,persistent,gemm_persistent_64x128x64_s3_t128_k1_wsoff_smem_g8_a21217_kernel,E0,"('mma.sync.m16n8k16.bf16.f32', 1)",512,171,171,128,128,False,153,0,0,0,90112,90112,90112,1,1,smem,12,3,1,24,91136,4,0.08333333333333333,153,0,0,128,1
gemm,64x128x32_s3_t256_k1_wsoff_smem_g8,grid,gemm_grid_64x128x32_s3_t256_k1_wsoff_smem_g8_0d61e6_kernel,E0,"('mma.sync.m16n8k16.bf16.f32', 1)",512,512,512,256,256,False,90,0,0,0,36864,36864,36864,1,2,regs+smem,6,2,2,24,37888,16,0.3333333333333333,90,0,0,256,2
gemm,64x128x32_s3_t256_k1_wsoff_smem_g8,persistent,gemm_persistent_64x128x32_s3_t256_k1_wsoff_smem_g8_12ed18_kernel,E0,"('mma.sync.m16n8k16.bf16.f32', 1)",512,171,171,256,256,False,88,0,0,0,53248,53248,53248,1,1,smem,6,2,1,24,54272,8,0.16666666666666666,88,0,0,256,1
gemm,64x128x64_s2_t256_k1_wsoff_smem_g8,grid,gemm_grid_64x128x64_s2_t256_k1_wsoff_smem_g8_e61c15_kernel,E0,"('mma.sync.m16n8k16.bf16.f32', 1)",512,512,512,256,256,False,90,0,0,0,49152,49152,49152,1,2,regs+smem,6,2,2,24,50176,16,0.3333333333333333,90,0,0,256,2
gemm,64x128x64_s2_t256_k1_wsoff_smem_g8,persistent,gemm_persistent_64x128x64_s2_t256_k1_wsoff_smem_g8_1d861e_kernel,E0,"('mma.sync.m16n8k16.bf16.f32', 1)",512,171,171,256,256,False,90,0,0,0,65536,65536,65536,1,1,smem,6,2,1,24,66560,8,0.16666666666666666,90,0,0,256,1
gemm,64x128x64_s3_t256_k1_wsoff_smem_g8,grid,gemm_grid_64x128x64_s3_t256_k1_wsoff_smem_g8_9d52ef_kernel,E0,"('mma.sync.m16n8k16.bf16.f32', 1)",512,512,512,256,256,False,96,0,0,0,73728,73728,73728,1,1,smem,6,2,1,24,74752,8,0.16666666666666666,96,0,0,256,1
gemm,64x128x64_s3_t256_k1_wsoff_smem_g8,persistent,gemm_persistent_64x128x64_s3_t256_k1_wsoff_smem_g8_4ffd50_kernel,E0,"('mma.sync.m16n8k16.bf16.f32', 1)",512,171,171,256,256,False,104,0,0,0,90112,90112,90112,1,1,smem,6,2,1,24,91136,8,0.16666666666666666,104,0,0,256,1
gemm,128x64x32_s3_t128_k1_wsoff_smem_g8,grid,gemm_grid_128x64x32_s3_t128_k1_wsoff_smem_g8_2e7b42_kernel,E0,"('mma.sync.m16n8k16.bf16.f32', 1)",512,512,512,128,128,False,128,0,0,0,36864,36864,36864,1,2,smem,12,4,2,24,37888,8,0.16666666666666666,128,0,0,128,2
gemm,128x64x32_s3_t128_k1_wsoff_smem_g8,persistent,gemm_persistent_128x64x32_s3_t128_k1_wsoff_smem_g8_28533a_kernel,E0,"('mma.sync.m16n8k16.bf16.f32', 1)",512,171,171,128,128,False,134,0,0,0,53248,53248,53248,1,1,smem,12,3,1,24,54272,4,0.08333333333333333,134,0,0,128,1
gemm,128x64x64_s2_t128_k1_wsoff_smem_g8,grid,gemm_grid_128x64x64_s2_t128_k1_wsoff_smem_g8_1c62b2_kernel,E0,"('mma.sync.m16n8k16.bf16.f32', 1)",512,512,512,128,128,False,126,0,0,0,49152,49152,49152,1,2,smem,12,4,2,24,50176,8,0.16666666666666666,126,0,0,128,2
gemm,128x64x64_s2_t128_k1_wsoff_smem_g8,persistent,gemm_persistent_128x64x64_s2_t128_k1_wsoff_smem_g8_e1ef95_kernel,E0,"('mma.sync.m16n8k16.bf16.f32', 1)",512,171,171,128,128,False,126,0,0,0,65536,65536,65536,1,1,smem,12,4,1,24,66560,4,0.08333333333333333,126,0,0,128,1
gemm,128x64x64_s3_t128_k1_wsoff_smem_g8,grid,gemm_grid_128x64x64_s3_t128_k1_wsoff_smem_g8_9db9c6_kernel,E0,"('mma.sync.m16n8k16.bf16.f32', 1)",512,512,512,128,128,False,145,0,0,0,73728,73728,73728,1,1,smem,12,3,1,24,74752,4,0.08333333333333333,145,0,0,128,1
gemm,128x64x64_s3_t128_k1_wsoff_smem_g8,persistent,gemm_persistent_128x64x64_s3_t128_k1_wsoff_smem_g8_990174_kernel,E0,"('mma.sync.m16n8k16.bf16.f32', 1)",512,171,171,128,128,False,149,0,0,0,90112,90112,90112,1,1,smem,12,3,1,24,91136,4,0.08333333333333333,149,0,0,128,1
gemm,128x64x32_s3_t256_k1_wsoff_smem_g8,grid,gemm_grid_128x64x32_s3_t256_k1_wsoff_smem_g8_b1e263_kernel,E0,"('mma.sync.m16n8k16.bf16.f32', 1)",512,512,512,256,256,False,112,0,0,0,36864,36864,36864,1,2,regs+smem,6,2,2,24,37888,16,0.3333333333333333,112,0,0,256,2
gemm,128x64x32_s3_t256_k1_wsoff_smem_g8,persistent,gemm_persistent_128x64x32_s3_t256_k1_wsoff_smem_g8_06336e_kernel,E0,"('mma.sync.m16n8k16.bf16.f32', 1)",512,171,171,256,256,False,115,0,0,0,53248,53248,53248,1,1,smem,6,2,1,24,54272,8,0.16666666666666666,115,0,0,256,1
gemm,128x64x64_s2_t256_k1_wsoff_smem_g8,grid,gemm_grid_128x64x64_s2_t256_k1_wsoff_smem_g8_e4950e_kernel,E0,"('mma.sync.m16n8k16.bf16.f32', 1)",512,512,512,256,256,False,88,0,0,0,49152,49152,49152,1,2,regs+smem,6,2,2,24,50176,16,0.3333333333333333,88,0,0,256,2
gemm,128x64x64_s2_t256_k1_wsoff_smem_g8,persistent,gemm_persistent_128x64x64_s2_t256_k1_wsoff_smem_g8_f6e215_kernel,E0,"('mma.sync.m16n8k16.bf16.f32', 1)",512,171,171,256,256,False,89,0,0,0,65536,65536,65536,1,1,smem,6,2,1,24,66560,8,0.16666666666666666,89,0,0,256,1
gemm,128x64x64_s3_t256_k1_wsoff_smem_g8,grid,gemm_grid_128x64x64_s3_t256_k1_wsoff_smem_g8_07c2b3_kernel,E0,"('mma.sync.m16n8k16.bf16.f32', 1)",512,512,512,256,256,False,104,0,0,0,73728,73728,73728,1,1,smem,6,2,1,24,74752,8,0.16666666666666666,104,0,0,256,1
gemm,128x64x64_s3_t256_k1_wsoff_smem_g8,persistent,gemm_persistent_128x64x64_s3_t256_k1_wsoff_smem_g8_8ae571_kernel,E0,"('mma.sync.m16n8k16.bf16.f32', 1)",512,171,171,256,256,False,108,0,0,0,90112,90112,90112,1,1,smem,6,2,1,24,91136,8,0.16666666666666666,108,0,0,256,1
gemm,128x128x32_s3_t128_k1_wsoff_smem_g8,grid,gemm_grid_128x128x32_s3_t128_k1_wsoff_smem_g8_425eb2_kernel,E0,"('mma.sync.m16n8k16.bf16.f32', 1)",256,256,256,128,128,False,198,0,0,0,49152,49152,49152,1,2,regs+smem,12,2,2,24,50176,8,0.16666666666666666,198,0,0,128,2
gemm,128x128x32_s3_t128_k1_wsoff_smem_g8,persistent,gemm_persistent_128x128x32_s3_t128_k1_wsoff_smem_g8_8f43f5_kernel,E0,"('mma.sync.m16n8k16.bf16.f32', 1)",256,86,86,128,128,False,202,0,0,0,81920,81920,81920,1,1,smem,12,2,1,24,82944,4,0.08333333333333333,202,0,0,128,1
gemm,128x128x64_s2_t128_k1_wsoff_smem_g8,grid,gemm_grid_128x128x64_s2_t128_k1_wsoff_smem_g8_69ab7b_kernel,E0,"('mma.sync.m16n8k16.bf16.f32', 1)",256,256,256,128,128,False,191,0,0,0,65536,65536,65536,1,1,smem,12,2,1,24,66560,4,0.08333333333333333,191,0,0,128,1
gemm,128x128x64_s2_t128_k1_wsoff_smem_g8,persistent,gemm_persistent_128x128x64_s2_t128_k1_wsoff_smem_g8_4821df_kernel,E0,"('mma.sync.m16n8k16.bf16.f32', 1)",256,86,86,128,128,False,192,0,0,0,98304,98304,98304,1,1,smem,12,2,1,24,99328,4,0.08333333333333333,192,0,0,128,1
gemm,128x128x32_s3_t256_k1_wsoff_smem_g8,grid,gemm_grid_128x128x32_s3_t256_k1_wsoff_smem_g8_162b5c_kernel,E0,"('mma.sync.m16n8k16.bf16.f32', 1)",256,256,256,256,256,False,146,0,0,0,49152,49152,49152,1,1,regs,6,1,2,24,50176,8,0.16666666666666666,146,0,0,256,1
gemm,128x128x32_s3_t256_k1_wsoff_smem_g8,persistent,gemm_persistent_128x128x32_s3_t256_k1_wsoff_smem_g8_e51c70_kernel,E0,"('mma.sync.m16n8k16.bf16.f32', 1)",256,86,86,256,256,False,154,0,0,0,81920,81920,81920,1,1,regs+smem,6,1,1,24,82944,8,0.16666666666666666,154,0,0,256,1
gemm,128x128x64_s2_t256_k1_wsoff_smem_g8,grid,gemm_grid_128x128x64_s2_t256_k1_wsoff_smem_g8_71b49b_kernel,E0,"('mma.sync.m16n8k16.bf16.f32', 1)",256,256,256,256,256,False,127,0,0,0,65536,65536,65536,1,1,smem,6,2,1,24,66560,8,0.16666666666666666,127,0,0,256,1
gemm,128x128x64_s2_t256_k1_wsoff_smem_g8,persistent,gemm_persistent_128x128x64_s2_t256_k1_wsoff_smem_g8_11bf21_kernel,E0,"('mma.sync.m16n8k16.bf16.f32', 1)",256,86,86,256,256,False,125,0,0,0,98304,98304,98304,1,1,smem,6,2,1,24,99328,8,0.16666666666666666,125,0,0,256,1
gemm,128x128x64_s3_t128_k1_wsoff_direct_g8,grid,gemm_grid_128x128x64_s3_t128_k1_wsoff_direct_g8_44fa7e_kernel,E0,"('mma.sync.m16n8k16.bf16.f32', 1)",256,256,256,128,128,False,210,0,0,0,98304,98304,98304,1,1,smem,12,2,1,24,99328,4,0.08333333333333333,210,0,0,128,1
gemm,128x128x64_s3_t128_k1_wsoff_direct_g8,persistent,gemm_persistent_128x128x64_s3_t128_k1_wsoff_direct_g8_907455_kernel,E0,"('mma.sync.m16n8k16.bf16.f32', 1)",256,86,86,128,128,False,216,0,0,0,98304,98304,98304,1,1,smem,12,2,1,24,99328,4,0.08333333333333333,216,0,0,128,1
gemm,128x128x64_s3_t256_k1_wsoff_direct_g8,grid,gemm_grid_128x128x64_s3_t256_k1_wsoff_direct_g8_228189_kernel,E0,"('mma.sync.m16n8k16.bf16.f32', 1)",256,256,256,256,256,False,145,0,0,0,98304,98304,98304,1,1,regs+smem,6,1,1,24,99328,8,0.16666666666666666,145,0,0,256,1
gemm,128x128x64_s3_t256_k1_wsoff_direct_g8,persistent,gemm_persistent_128x128x64_s3_t256_k1_wsoff_direct_g8_c6643c_kernel,E0,"('mma.sync.m16n8k16.bf16.f32', 1)",256,86,86,256,256,False,150,0,0,0,98304,98304,98304,1,1,regs+smem,6,1,1,24,99328,8,0.16666666666666666,150,0,0,256,1
gemm,64x128x64_s3_t128_k1_wsoff_direct_g8,grid,gemm_grid_64x128x64_s3_t128_k1_wsoff_direct_g8_60d3cc_kernel,E0,"('mma.sync.m16n8k16.bf16.f32', 1)",512,512,512,128,128,False,146,0,0,0,73728,73728,73728,1,1,smem,12,3,1,24,74752,4,0.08333333333333333,146,0,0,128,1
gemm,64x128x64_s3_t128_k1_wsoff_direct_g8,persistent,gemm_persistent_64x128x64_s3_t128_k1_wsoff_direct_g8_742c66_kernel,E0,"('mma.sync.m16n8k16.bf16.f32', 1)",512,171,171,128,128,False,159,0,0,0,73728,73728,73728,1,1,smem,12,3,1,24,74752,4,0.08333333333333333,159,0,0,128,1
gemm,64x128x64_s4_t128_k1_wsoff_direct_g8,grid,gemm_grid_64x128x64_s4_t128_k1_wsoff_direct_g8_8789f9_kernel,E0,"('mma.sync.m16n8k16.bf16.f32', 1)",512,512,512,128,128,False,140,0,0,0,98304,98304,98304,1,1,smem,12,3,1,24,99328,4,0.08333333333333333,140,0,0,128,1
gemm,64x128x64_s4_t128_k1_wsoff_direct_g8,persistent,gemm_persistent_64x128x64_s4_t128_k1_wsoff_direct_g8_f182b7_kernel,E0,"('mma.sync.m16n8k16.bf16.f32', 1)",512,171,171,128,128,False,139,0,0,0,98304,98304,98304,1,1,smem,12,3,1,24,99328,4,0.08333333333333333,139,0,0,128,1
gemm,128x256x32_s2_t256_k1_wsoff_direct_g8,grid,gemm_grid_128x256x32_s2_t256_k1_wsoff_direct_g8_23e4ee_kernel,E0,"('mma.sync.m16n8k16.bf16.f32', 1)",128,128,128,256,256,False,187,0,0,0,49152,49152,49152,1,1,regs,6,1,2,24,50176,8,0.16666666666666666,187,0,0,256,1
gemm,128x256x32_s2_t256_k1_wsoff_direct_g8,persistent,gemm_persistent_128x256x32_s2_t256_k1_wsoff_direct_g8_fedcb9_kernel,E0,"('mma.sync.m16n8k16.bf16.f32', 1)",128,43,43,256,256,False,188,0,0,0,49152,49152,49152,1,1,regs,6,1,2,24,50176,8,0.16666666666666666,188,0,0,256,1
gemm,128x256x32_s3_t256_k1_wsoff_direct_g8,grid,gemm_grid_128x256x32_s3_t256_k1_wsoff_direct_g8_0938a4_kernel,E0,"('mma.sync.m16n8k16.bf16.f32', 1)",128,128,128,256,256,False,197,0,0,0,73728,73728,73728,1,1,regs+smem,6,1,1,24,74752,8,0.16666666666666666,197,0,0,256,1
gemm,128x256x32_s3_t256_k1_wsoff_direct_g8,persistent,gemm_persistent_128x256x32_s3_t256_k1_wsoff_direct_g8_28f38e_kernel,E0,"('mma.sync.m16n8k16.bf16.f32', 1)",128,43,43,256,256,False,207,0,0,0,73728,73728,73728,1,1,regs+smem,6,1,1,24,74752,8,0.16666666666666666,207,0,0,256,1
gemm,128x256x64_s2_t256_k1_wsoff_direct_g8,grid,gemm_grid_128x256x64_s2_t256_k1_wsoff_direct_g8_2d0284_kernel,E0,"('mma.sync.m16n8k16.bf16.f32', 1)",128,128,128,256,256,False,194,0,0,0,98304,98304,98304,1,1,regs+smem,6,1,1,24,99328,8,0.16666666666666666,194,0,0,256,1
gemm,128x256x64_s2_t256_k1_wsoff_direct_g8,persistent,gemm_persistent_128x256x64_s2_t256_k1_wsoff_direct_g8_54aa43_kernel,E0,"('mma.sync.m16n8k16.bf16.f32', 1)",128,43,43,256,256,False,194,0,0,0,98304,98304,98304,1,1,regs+smem,6,1,1,24,99328,8,0.16666666666666666,194,0,0,256,1
gemm,256x128x32_s2_t256_k1_wsoff_direct_g8,grid,gemm_grid_256x128x32_s2_t256_k1_wsoff_direct_g8_774584_kernel,E0,"('mma.sync.m16n8k16.bf16.f32', 1)",128,128,128,256,256,False,190,0,0,0,49152,49152,49152,1,1,regs,6,1,2,24,50176,8,0.16666666666666666,190,0,0,256,1
gemm,256x128x32_s2_t256_k1_wsoff_direct_g8,persistent,gemm_persistent_256x128x32_s2_t256_k1_wsoff_direct_g8_6873c9_kernel,E0,"('mma.sync.m16n8k16.bf16.f32', 1)",128,43,43,256,256,False,192,0,0,0,49152,49152,49152,1,1,regs,6,1,2,24,50176,8,0.16666666666666666,192,0,0,256,1
gemm,256x128x32_s3_t256_k1_wsoff_direct_g8,grid,gemm_grid_256x128x32_s3_t256_k1_wsoff_direct_g8_19043a_kernel,E0,"('mma.sync.m16n8k16.bf16.f32', 1)",128,128,128,256,256,False,208,0,0,0,73728,73728,73728,1,1,regs+smem,6,1,1,24,74752,8,0.16666666666666666,208,0,0,256,1
gemm,256x128x32_s3_t256_k1_wsoff_direct_g8,persistent,gemm_persistent_256x128x32_s3_t256_k1_wsoff_direct_g8_d47573_kernel,E0,"('mma.sync.m16n8k16.bf16.f32', 1)",128,43,43,256,256,False,214,0,0,0,73728,73728,73728,1,1,regs+smem,6,1,1,24,74752,8,0.16666666666666666,214,0,0,256,1
gemm,256x128x64_s2_t256_k1_wsoff_direct_g8,grid,gemm_grid_256x128x64_s2_t256_k1_wsoff_direct_g8_5f3f34_kernel,E0,"('mma.sync.m16n8k16.bf16.f32', 1)",128,128,128,256,256,False,203,0,0,0,98304,98304,98304,1,1,regs+smem,6,1,1,24,99328,8,0.16666666666666666,203,0,0,256,1
gemm,256x128x64_s2_t256_k1_wsoff_direct_g8,persistent,gemm_persistent_256x128x64_s2_t256_k1_wsoff_direct_g8_11ee1e_kernel,E0,"('mma.sync.m16n8k16.bf16.f32', 1)",128,43,43,256,256,False,203,0,0,0,98304,98304,98304,1,1,regs+smem,6,1,1,24,99328,8,0.16666666666666666,203,0,0,256,1
gemm,64x64x64_s2_t128_k2_wsoff_smem_g8,grid,gemm_grid_64x64x64_s2_t128_k2_wsoff_smem_g8_d2a666_kernel,E1,"('mma.sync.m16n8k16.bf16.f32', 2)",2048,2048,2048,128,128,False,88,0,0,0,32768,32768,32768,1,3,smem,12,5,3,24,33792,12,0.25,88,0,0,128,3
gemm,64x64x64_s2_t128_k2_wsoff_smem_g8,persistent,gemm_persistent_64x64x64_s2_t128_k2_wsoff_smem_g8_7c796a_kernel,E1,"('mma.sync.m16n8k16.bf16.f32', 2)",2048,188,188,128,128,False,90,0,0,0,40976,40976,40976,1,2,smem,12,5,2,24,42112,8,0.16666666666666666,90,0,0,128,2
gemm,64x64x64_s2_t128_k4_wsoff_smem_g8,grid,gemm_grid_64x64x64_s2_t128_k4_wsoff_smem_g8_c4d17f_kernel,E1,"('mma.sync.m16n8k16.bf16.f32', 4)",4096,4096,4096,128,128,False,88,0,0,0,32768,32768,32768,1,3,smem,12,5,3,24,33792,12,0.25,88,0,0,128,3
gemm,64x64x64_s2_t128_k4_wsoff_smem_g8,persistent,gemm_persistent_64x64x64_s2_t128_k4_wsoff_smem_g8_38fb7e_kernel,E1,"('mma.sync.m16n8k16.bf16.f32', 4)",4096,188,188,128,128,False,90,0,0,0,40976,40976,40976,1,2,smem,12,5,2,24,42112,8,0.16666666666666666,90,0,0,128,2
gemm,64x128x64_s2_t128_k2_wsoff_smem_g8,grid,gemm_grid_64x128x64_s2_t128_k2_wsoff_smem_g8_68295a_kernel,E1,"('mma.sync.m16n8k16.bf16.f32', 2)",1024,1024,1024,128,128,False,144,0,0,0,49152,49152,49152,1,2,smem,12,3,2,24,50176,8,0.16666666666666666,144,0,0,128,2
gemm,64x128x64_s2_t128_k2_wsoff_smem_g8,persistent,gemm_persistent_64x128x64_s2_t128_k2_wsoff_smem_g8_7e1f6d_kernel,E1,"('mma.sync.m16n8k16.bf16.f32', 2)",1024,188,188,128,128,False,150,0,0,0,65552,65552,65552,1,1,smem,12,3,1,24,66688,4,0.08333333333333333,150,0,0,128,1
gemm,64x128x64_s2_t128_k4_wsoff_smem_g8,grid,gemm_grid_64x128x64_s2_t128_k4_wsoff_smem_g8_10053d_kernel,E1,"('mma.sync.m16n8k16.bf16.f32', 4)",2048,2048,2048,128,128,False,144,0,0,0,49152,49152,49152,1,2,smem,12,3,2,24,50176,8,0.16666666666666666,144,0,0,128,2
gemm,64x128x64_s2_t128_k4_wsoff_smem_g8,persistent,gemm_persistent_64x128x64_s2_t128_k4_wsoff_smem_g8_2f9eb1_kernel,E1,"('mma.sync.m16n8k16.bf16.f32', 4)",2048,188,188,128,128,False,150,0,0,0,65552,65552,65552,1,1,smem,12,3,1,24,66688,4,0.08333333333333333,150,0,0,128,1
gemm,128x128x64_s2_t128_k2_wsoff_smem_g8,grid,gemm_grid_128x128x64_s2_t128_k2_wsoff_smem_g8_3edcf2_kernel,E1,"('mma.sync.m16n8k16.bf16.f32', 2)",512,512,512,128,128,False,254,0,0,0,65536,65536,65536,1,1,smem,12,2,1,24,66560,4,0.08333333333333333,254,0,0,128,1
gemm,128x128x64_s2_t128_k2_wsoff_smem_g8,persistent,gemm_persistent_128x128x64_s2_t128_k2_wsoff_smem_g8_35b64d_kernel,E1,"('mma.sync.m16n8k16.bf16.f32', 2)",512,171,171,128,128,False,254,0,0,0,98320,98320,98320,1,1,smem,12,2,1,24,99456,4,0.08333333333333333,254,0,0,128,1
gemm,128x128x64_s2_t128_k4_wsoff_smem_g8,grid,gemm_grid_128x128x64_s2_t128_k4_wsoff_smem_g8_6d8eaf_kernel,E1,"('mma.sync.m16n8k16.bf16.f32', 4)",1024,1024,1024,128,128,False,254,0,0,0,65536,65536,65536,1,1,smem,12,2,1,24,66560,4,0.08333333333333333,254,0,0,128,1
gemm,128x128x64_s2_t128_k4_wsoff_smem_g8,persistent,gemm_persistent_128x128x64_s2_t128_k4_wsoff_smem_g8_bfa0a7_kernel,E1,"('mma.sync.m16n8k16.bf16.f32', 4)",1024,188,188,128,128,False,254,0,0,0,98320,98320,98320,1,1,smem,12,2,1,24,99456,4,0.08333333333333333,254,0,0,128,1
gemm,128x128x64_s2_t256_k2_wsoff_smem_g8,grid,gemm_grid_128x128x64_s2_t256_k2_wsoff_smem_g8_3ea675_kernel,E1,"('mma.sync.m16n8k16.bf16.f32', 2)",512,512,512,256,256,False,144,0,0,0,65536,65536,65536,1,1,regs+smem,6,1,1,24,66560,8,0.16666666666666666,144,0,0,256,1
gemm,128x128x64_s2_t256_k2_wsoff_smem_g8,persistent,gemm_persistent_128x128x64_s2_t256_k2_wsoff_smem_g8_41fc79_kernel,E1,"('mma.sync.m16n8k16.bf16.f32', 2)",512,171,171,256,256,False,150,0,0,0,98320,98320,98320,1,1,regs+smem,6,1,1,24,99456,8,0.16666666666666666,150,0,0,256,1
gemm,128x128x64_s2_t256_k4_wsoff_smem_g8,grid,gemm_grid_128x128x64_s2_t256_k4_wsoff_smem_g8_9e3e4e_kernel,E1,"('mma.sync.m16n8k16.bf16.f32', 4)",1024,1024,1024,256,256,False,146,0,0,0,65536,65536,65536,1,1,regs+smem,6,1,1,24,66560,8,0.16666666666666666,146,0,0,256,1
gemm,128x128x64_s2_t256_k4_wsoff_smem_g8,persistent,gemm_persistent_128x128x64_s2_t256_k4_wsoff_smem_g8_f64b4f_kernel,E1,"('mma.sync.m16n8k16.bf16.f32', 4)",1024,188,188,256,256,False,152,0,0,0,98320,98320,98320,1,1,regs+smem,6,1,1,24,99456,8,0.16666666666666666,152,0,0,256,1
gemm,64x128x64_s2_t128_k1_wsauto_smem_g8,grid,gemm_grid_64x128x64_s2_t128_k1_wsauto_smem_g8_ec48ad_kernel,E0,"('mma.sync.m16n8k16.bf16.f32', 1)",512,512,512,256,128,True,240,0,0,1024,49152,50176,50176,4,1,regs,6,1,2,6,51200,8,0.16666666666666666,240,1024,0,256,1
gemm,64x128x64_s2_t128_k1_wsauto_smem_g8,persistent,gemm_persistent_64x128x64_s2_t128_k1_wsauto_smem_g8_7d750d_kernel,E0,"('mma.sync.m16n8k16.bf16.f32', 1)",512,171,171,128,128,False,135,0,0,0,65536,65536,65536,1,1,smem,12,3,1,24,66560,4,0.08333333333333333,135,0,0,128,1
gemm,128x128x64_s2_t128_k1_wsauto_smem_g8,grid,gemm_grid_128x128x64_s2_t128_k1_wsauto_smem_g8_99ab96_kernel,E0,"('mma.sync.m16n8k16.bf16.f32', 1)",256,256,256,256,128,True,240,0,0,1024,65536,66560,66560,4,1,regs+smem,6,1,1,6,67584,8,0.16666666666666666,240,1024,0,256,1
gemm,128x128x64_s2_t128_k1_wsauto_smem_g8,persistent,gemm_persistent_128x128x64_s2_t128_k1_wsauto_smem_g8_23ddd3_kernel,E0,"('mma.sync.m16n8k16.bf16.f32', 1)",256,86,86,128,128,False,192,0,0,0,98304,98304,98304,1,1,smem,12,2,1,24,99328,4,0.08333333333333333,192,0,0,128,1
gemm,128x128x64_s2_t256_k1_wsauto_smem_g8,grid,gemm_grid_128x128x64_s2_t256_k1_wsauto_smem_g8_9c2afb_kernel,E0,"('mma.sync.m16n8k16.bf16.f32', 1)",256,256,256,384,256,True,168,0,0,1024,65536,66560,66560,4,1,regs+smem,4,1,1,6,67584,12,0.25,168,1024,0,384,1
gemm,128x128x64_s2_t256_k1_wsauto_smem_g8,persistent,gemm_persistent_128x128x64_s2_t256_k1_wsauto_smem_g8_fd8f60_kernel,E0,"('mma.sync.m16n8k16.bf16.f32', 1)",256,86,86,256,256,False,125,0,0,0,98304,98304,98304,1,1,smem,6,2,1,24,99328,8,0.16666666666666666,125,0,0,256,1
gqa_decode,n32_h4_sp1_t64_s2,grid,gqa_decode_grid_n32_h4_sp1_t64_s2_b423ce_kernel,E1,"(32, 1, 64)",128,128,128,64,64,False,126,0,0,0,38400,38400,38400,3,2,smem,24,8,2,8,39424,4,0.08333333333333333,126,0,0,64,2
gqa_decode,n32_h4_sp1_t64_s2,persistent,gqa_decode_persistent_n32_h4_sp1_t64_s2_ff3d8f_kernel,E1,"(32, 1, 64)",128,43,43,64,64,False,140,0,0,0,39424,39424,39424,3,2,smem,24,6,2,8,40448,4,0.08333333333333333,140,0,0,64,2
gqa_decode,n32_h4_sp1_t128_s2,grid,gqa_decode_grid_n32_h4_sp1_t128_s2_fbb854_kernel,E1,"(32, 1, 128)",128,128,128,128,128,False,85,0,0,0,38912,38912,38912,3,2,smem,12,5,2,8,39936,8,0.16666666666666666,85,0,0,128,2
gqa_decode,n32_h4_sp1_t128_s2,persistent,gqa_decode_persistent_n32_h4_sp1_t128_s2_352268_kernel,E1,"(32, 1, 128)",128,43,43,128,128,False,97,0,0,0,40960,40960,40960,3,2,smem,12,4,2,8,41984,8,0.16666666666666666,97,0,0,128,2
gqa_decode,n32_h4_sp1_t64_s3,grid,gqa_decode_grid_n32_h4_sp1_t64_s3_3df7c5_kernel,E1,"(32, 1, 64)",128,128,128,64,64,False,162,0,0,0,54784,54784,54784,3,1,smem,24,6,1,8,55808,2,0.041666666666666664,162,0,0,64,1
gqa_decode,n32_h4_sp1_t64_s3,persistent,gqa_decode_persistent_n32_h4_sp1_t64_s3_67f325_kernel,E1,"(32, 1, 64)",128,43,43,64,64,False,203,0,0,0,56320,56320,56320,3,1,smem,24,4,1,8,57344,2,0.041666666666666664,203,0,0,64,1
gqa_decode,n32_h4_sp1_t128_s3,grid,gqa_decode_grid_n32_h4_sp1_t128_s3_d02718_kernel,E1,"(32, 1, 128)",128,128,128,128,128,False,113,0,0,0,55296,55296,55296,3,1,smem,12,4,1,8,56320,4,0.08333333333333333,113,0,0,128,1
gqa_decode,n32_h4_sp1_t128_s3,persistent,gqa_decode_persistent_n32_h4_sp1_t128_s3_cb91d5_kernel,E1,"(32, 1, 128)",128,43,43,128,128,False,140,0,0,0,58368,58368,58368,3,1,smem,12,3,1,8,59392,4,0.08333333333333333,140,0,0,128,1
gqa_decode,n64_h4_sp1_t64_s1,grid,gqa_decode_grid_n64_h4_sp1_t64_s1_0c0a9e_kernel,E1,"(64, 1, 64)",128,128,128,64,64,False,100,0,0,0,39424,39424,39424,3,2,smem,24,8,2,8,40448,4,0.08333333333333333,100,0,0,64,2
gqa_decode,n64_h4_sp1_t64_s1,persistent,gqa_decode_persistent_n64_h4_sp1_t64_s1_7f595d_kernel,E1,"(64, 1, 64)",128,43,43,64,64,False,108,0,0,0,39936,39936,39936,3,2,smem,24,8,2,8,40960,4,0.08333333333333333,108,0,0,64,2
gqa_decode,n64_h4_sp1_t128_s1,grid,gqa_decode_grid_n64_h4_sp1_t128_s1_b64e67_kernel,E1,"(64, 1, 128)",128,128,128,128,128,False,68,0,0,0,39936,39936,39936,3,2,smem,12,7,2,8,40960,8,0.16666666666666666,68,0,0,128,2
gqa_decode,n64_h4_sp1_t128_s1,persistent,gqa_decode_persistent_n64_h4_sp1_t128_s1_d3ad57_kernel,E1,"(64, 1, 128)",128,43,43,128,128,False,72,0,0,0,40960,40960,40960,3,2,smem,12,7,2,8,41984,8,0.16666666666666666,72,0,0,128,2
gqa_decode,n64_h4_sp1_t256_s1,grid,gqa_decode_grid_n64_h4_sp1_t256_s1_be76ff_kernel,E1,"(64, 1, 256)",128,128,128,256,256,False,56,0,0,0,40960,40960,40960,3,2,smem,6,4,2,8,41984,16,0.3333333333333333,56,0,0,256,2
gqa_decode,n64_h4_sp1_t256_s1,persistent,gqa_decode_persistent_n64_h4_sp1_t256_s1_e1e198_kernel,E1,"(64, 1, 256)",128,43,43,256,256,False,60,0,0,0,43008,43008,43008,3,2,smem,6,4,2,8,44032,16,0.3333333333333333,60,0,0,256,2
gqa_decode,n64_h4_sp1_t64_s2,grid,gqa_decode_grid_n64_h4_sp1_t64_s2_d25f7a_kernel,E1,"(64, 1, 64)",128,128,128,64,64,False,177,0,0,0,72192,72192,72192,3,1,smem,24,4,1,8,73216,2,0.041666666666666664,177,0,0,64,1
gqa_decode,n64_h4_sp1_t64_s2,persistent,gqa_decode_persistent_n64_h4_sp1_t64_s2_2d623f_kernel,E1,"(64, 1, 64)",128,43,43,64,64,False,191,0,0,0,73216,73216,73216,3,1,smem,24,4,1,8,74240,2,0.041666666666666664,191,0,0,64,1
gqa_decode,n64_h4_sp1_t128_s2,grid,gqa_decode_grid_n64_h4_sp1_t128_s2_48b252_kernel,E1,"(64, 1, 128)",128,128,128,128,128,False,118,0,0,0,72704,72704,72704,3,1,smem,12,4,1,8,73728,4,0.08333333333333333,118,0,0,128,1
gqa_decode,n64_h4_sp1_t128_s2,persistent,gqa_decode_persistent_n64_h4_sp1_t128_s2_0ab51e_kernel,E1,"(64, 1, 128)",128,43,43,128,128,False,127,0,0,0,74752,74752,74752,3,1,smem,12,4,1,8,75776,4,0.08333333333333333,127,0,0,128,1
gqa_decode,n64_h4_sp1_t256_s2,grid,gqa_decode_grid_n64_h4_sp1_t256_s2_fc6d18_kernel,E1,"(64, 1, 256)",128,128,128,256,256,False,84,0,0,0,73728,73728,73728,3,1,smem,6,2,1,8,74752,8,0.16666666666666666,84,0,0,256,1
gqa_decode,n64_h4_sp1_t256_s2,persistent,gqa_decode_persistent_n64_h4_sp1_t256_s2_73de11_kernel,E1,"(64, 1, 256)",128,43,43,256,256,False,96,0,0,0,77824,77824,77824,3,1,smem,6,2,1,8,78848,8,0.16666666666666666,96,0,0,256,1
gqa_decode,n128_h4_sp1_t64_s1,grid,gqa_decode_grid_n128_h4_sp1_t64_s1_a63aa5_kernel,E1,"(128, 1, 64)",128,128,128,64,64,False,124,0,0,0,74240,74240,74240,3,1,smem,24,8,1,8,75264,2,0.041666666666666664,124,0,0,64,1
gqa_decode,n128_h4_sp1_t64_s1,persistent,gqa_decode_persistent_n128_h4_sp1_t64_s1_5800bb_kernel,E1,"(128, 1, 64)",128,43,43,64,64,False,126,0,0,0,74752,74752,74752,3,1,smem,24,8,1,8,75776,2,0.041666666666666664,126,0,0,64,1
gqa_decode,n128_h4_sp1_t128_s1,grid,gqa_decode_grid_n128_h4_sp1_t128_s1_845552_kernel,E1,"(128, 1, 128)",128,128,128,128,128,False,82,0,0,0,74752,74752,74752,3,1,smem,12,5,1,8,75776,4,0.08333333333333333,82,0,0,128,1
gqa_decode,n128_h4_sp1_t128_s1,persistent,gqa_decode_persistent_n128_h4_sp1_t128_s1_88c0b7_kernel,E1,"(128, 1, 128)",128,43,43,128,128,False,88,0,0,0,75776,75776,75776,3,1,smem,12,5,1,8,76800,4,0.08333333333333333,88,0,0,128,1
gqa_decode,n32_h4_sp2_t64_s2,grid,gqa_decode_grid_n32_h4_sp2_t64_s2_487a9a_kernel,E1,"(32, 2, 64)",256,256,256,64,64,False,133,0,0,0,38400,38400,38400,3,2,smem,24,6,2,8,39424,4,0.08333333333333333,133,0,0,64,2
gqa_decode,n32_h4_sp2_t64_s2,persistent,gqa_decode_persistent_n32_h4_sp2_t64_s2_456443_kernel,E1,"(32, 2, 64)",256,86,86,64,64,False,171,0,0,0,39440,39440,39440,3,2,smem,24,4,2,8,40576,4,0.08333333333333333,171,0,0,64,2
gqa_decode,n32_h4_sp4_t64_s2,grid,gqa_decode_grid_n32_h4_sp4_t64_s2_d4e9ac_kernel,E1,"(32, 4, 64)",512,512,512,64,64,False,133,0,0,0,38400,38400,38400,3,2,smem,24,6,2,8,39424,4,0.08333333333333333,133,0,0,64,2
gqa_decode,n32_h4_sp4_t64_s2,persistent,gqa_decode_persistent_n32_h4_sp4_t64_s2_943261_kernel,E1,"(32, 4, 64)",512,171,171,64,64,False,172,0,0,0,39440,39440,39440,3,2,smem,24,4,2,8,40576,4,0.08333333333333333,172,0,0,64,2
gqa_decode,n32_h4_sp8_t64_s2,grid,gqa_decode_grid_n32_h4_sp8_t64_s2_e79603_kernel,E1,"(32, 8, 64)",1024,1024,1024,64,64,False,134,0,0,0,38400,38400,38400,3,2,smem,24,6,2,8,39424,4,0.08333333333333333,134,0,0,64,2
gqa_decode,n32_h4_sp8_t64_s2,persistent,gqa_decode_persistent_n32_h4_sp8_t64_s2_f9111c_kernel,E1,"(32, 8, 64)",1024,188,188,64,64,False,172,0,0,0,39440,39440,39440,3,2,smem,24,4,2,8,40576,4,0.08333333333333333,172,0,0,64,2
gqa_decode,n32_h4_sp16_t64_s2,grid,gqa_decode_grid_n32_h4_sp16_t64_s2_f3a8c2_kernel,E1,"(32, 16, 64)",2048,2048,2048,64,64,False,133,0,0,0,38400,38400,38400,3,2,smem,24,6,2,8,39424,4,0.08333333333333333,133,0,0,64,2
gqa_decode,n32_h4_sp16_t64_s2,persistent,gqa_decode_persistent_n32_h4_sp16_t64_s2_fc4348_kernel,E1,"(32, 16, 64)",2048,188,188,64,64,False,172,0,0,0,39440,39440,39440,3,2,smem,24,4,2,8,40576,4,0.08333333333333333,172,0,0,64,2
gqa_decode,n64_h4_sp2_t128_s2,grid,gqa_decode_grid_n64_h4_sp2_t128_s2_d37b28_kernel,E1,"(64, 2, 128)",256,256,256,128,128,False,122,0,0,0,72704,72704,72704,3,1,smem,12,4,1,8,73728,4,0.08333333333333333,122,0,0,128,1
gqa_decode,n64_h4_sp2_t128_s2,persistent,gqa_decode_persistent_n64_h4_sp2_t128_s2_a8852e_kernel,E1,"(64, 2, 128)",256,86,86,128,128,False,139,0,0,0,74768,74768,74768,3,1,smem,12,3,1,8,75904,4,0.08333333333333333,139,0,0,128,1
gqa_decode,n64_h4_sp4_t128_s2,grid,gqa_decode_grid_n64_h4_sp4_t128_s2_3c75eb_kernel,E1,"(64, 4, 128)",512,512,512,128,128,False,121,0,0,0,72704,72704,72704,3,1,smem,12,4,1,8,73728,4,0.08333333333333333,121,0,0,128,1
gqa_decode,n64_h4_sp4_t128_s2,persistent,gqa_decode_persistent_n64_h4_sp4_t128_s2_2f5a57_kernel,E1,"(64, 4, 128)",512,171,171,128,128,False,139,0,0,0,74768,74768,74768,3,1,smem,12,3,1,8,75904,4,0.08333333333333333,139,0,0,128,1
gqa_decode,n64_h4_sp8_t128_s2,grid,gqa_decode_grid_n64_h4_sp8_t128_s2_6d11c2_kernel,E1,"(64, 8, 128)",1024,1024,1024,128,128,False,121,0,0,0,72704,72704,72704,3,1,smem,12,4,1,8,73728,4,0.08333333333333333,121,0,0,128,1
gqa_decode,n64_h4_sp8_t128_s2,persistent,gqa_decode_persistent_n64_h4_sp8_t128_s2_468d81_kernel,E1,"(64, 8, 128)",1024,188,188,128,128,False,143,0,0,0,74768,74768,74768,3,1,smem,12,3,1,8,75904,4,0.08333333333333333,143,0,0,128,1
gqa_decode,n64_h4_sp16_t128_s2,grid,gqa_decode_grid_n64_h4_sp16_t128_s2_c841d1_kernel,E1,"(64, 16, 128)",2048,2048,2048,128,128,False,100,0,0,0,72192,72192,72704,3,1,smem,12,4,1,8,73216,4,0.08333333333333333,100,0,0,128,1
gqa_decode,n64_h4_sp16_t128_s2,persistent,gqa_decode_persistent_n64_h4_sp16_t128_s2_c4eacb_kernel,E1,"(64, 16, 128)",2048,188,188,128,128,False,136,0,0,0,73744,73744,73744,3,1,smem,12,3,1,8,74880,4,0.08333333333333333,136,0,0,128,1
gqa_decode,n128_h4_sp2_t128_s1,grid,gqa_decode_grid_n128_h4_sp2_t128_s1_be2e7e_kernel,E1,"(128, 2, 128)",256,256,256,128,128,False,94,0,0,0,74752,74752,74752,3,1,smem,12,5,1,8,75776,4,0.08333333333333333,94,0,0,128,1
gqa_decode,n128_h4_sp2_t128_s1,persistent,gqa_decode_persistent_n128_h4_sp2_t128_s1_af0b09_kernel,E1,"(128, 2, 128)",256,86,86,128,128,False,98,0,0,0,75792,75792,75792,3,1,smem,12,4,1,8,76928,4,0.08333333333333333,98,0,0,128,1
gqa_decode,n128_h4_sp4_t128_s1,grid,gqa_decode_grid_n128_h4_sp4_t128_s1_f79c53_kernel,E1,"(128, 4, 128)",512,512,512,128,128,False,92,0,0,0,74752,74752,74752,3,1,smem,12,5,1,8,75776,4,0.08333333333333333,92,0,0,128,1
gqa_decode,n128_h4_sp4_t128_s1,persistent,gqa_decode_persistent_n128_h4_sp4_t128_s1_54cab5_kernel,E1,"(128, 4, 128)",512,171,171,128,128,False,102,0,0,0,75792,75792,75792,3,1,smem,12,4,1,8,76928,4,0.08333333333333333,102,0,0,128,1
gqa_decode,n128_h4_sp8_t128_s1,grid,gqa_decode_grid_n128_h4_sp8_t128_s1_b7a642_kernel,E1,"(128, 8, 128)",1024,1024,1024,128,128,False,160,0,0,0,74240,74240,74752,3,1,smem,12,3,1,8,75264,4,0.08333333333333333,160,0,0,128,1
gqa_decode,n128_h4_sp8_t128_s1,persistent,gqa_decode_persistent_n128_h4_sp8_t128_s1_0273bb_kernel,E1,"(128, 8, 128)",1024,188,188,128,128,False,197,0,0,0,75792,75792,75792,3,1,smem,12,2,1,8,76928,4,0.08333333333333333,197,0,0,128,1
gqa_decode,n128_h4_sp16_t128_s1,grid,gqa_decode_grid_n128_h4_sp16_t128_s1_ce53f4_kernel,E1,"(128, 16, 128)",2048,2048,2048,128,128,False,61,0,0,0,70144,70144,74752,3,1,smem,12,8,1,8,71168,4,0.08333333333333333,61,0,0,128,1
gqa_decode,n128_h4_sp16_t128_s1,persistent,gqa_decode_persistent_n128_h4_sp16_t128_s1_c8e7d6_kernel,E1,"(128, 16, 128)",2048,188,188,128,128,False,109,0,0,0,74768,74768,74768,3,1,smem,12,4,1,8,75904,4,0.08333333333333333,109,0,0,128,1
gqa_decode,n64_h4_sp2_t256_s1,grid,gqa_decode_grid_n64_h4_sp2_t256_s1_6ba40c_kernel,E1,"(64, 2, 256)",256,256,256,256,256,False,64,0,0,0,40960,40960,40960,3,2,smem,6,4,2,8,41984,16,0.3333333333333333,64,0,0,256,2
gqa_decode,n64_h4_sp2_t256_s1,persistent,gqa_decode_persistent_n64_h4_sp2_t256_s1_5daac2_kernel,E1,"(64, 2, 256)",256,86,86,256,256,False,71,0,0,0,43024,43024,43024,3,2,smem,6,3,2,8,44160,16,0.3333333333333333,71,0,0,256,2
gqa_decode,n64_h4_sp4_t256_s1,grid,gqa_decode_grid_n64_h4_sp4_t256_s1_9fd18c_kernel,E1,"(64, 4, 256)",512,512,512,256,256,False,64,0,0,0,40960,40960,40960,3,2,smem,6,4,2,8,41984,16,0.3333333333333333,64,0,0,256,2
gqa_decode,n64_h4_sp4_t256_s1,persistent,gqa_decode_persistent_n64_h4_sp4_t256_s1_0d41f1_kernel,E1,"(64, 4, 256)",512,171,171,256,256,False,75,0,0,0,43024,43024,43024,3,2,smem,6,3,2,8,44160,16,0.3333333333333333,75,0,0,256,2
gqa_decode,n64_h4_sp8_t256_s1,grid,gqa_decode_grid_n64_h4_sp8_t256_s1_6ad8bd_kernel,E1,"(64, 8, 256)",1024,1024,1024,256,256,False,152,0,0,0,40960,40960,40960,3,1,regs,6,1,2,8,41984,8,0.16666666666666666,152,0,0,256,1
gqa_decode,n64_h4_sp8_t256_s1,persistent,gqa_decode_persistent_n64_h4_sp8_t256_s1_551f00_kernel,E1,"(64, 8, 256)",1024,188,188,256,256,False,188,0,0,0,43024,43024,43024,3,1,regs,6,1,2,8,44160,8,0.16666666666666666,188,0,0,256,1
gqa_decode,n64_h4_sp16_t256_s1,grid,gqa_decode_grid_n64_h4_sp16_t256_s1_b48d5a_kernel,E1,"(64, 16, 256)",2048,2048,2048,256,256,False,80,0,0,0,39936,39936,40960,3,2,smem,6,3,2,8,40960,16,0.3333333333333333,80,0,0,256,2
gqa_decode,n64_h4_sp16_t256_s1,persistent,gqa_decode_persistent_n64_h4_sp16_t256_s1_575049_kernel,E1,"(64, 16, 256)",2048,188,188,256,256,False,110,0,0,0,43024,43024,43024,3,2,regs+smem,6,2,2,8,44160,16,0.3333333333333333,110,0,0,256,2
gqa_decode,n64_h1_sp1_t128_s2,grid,gqa_decode_grid_n64_h1_sp1_t128_s2_fa0816_kernel,E1,"(64, 1, 128)",512,512,512,128,128,False,114,0,0,0,72704,72704,72704,3,1,smem,12,4,1,8,73728,4,0.08333333333333333,114,0,0,128,1
gqa_decode,n64_h1_sp1_t128_s2,persistent,gqa_decode_persistent_n64_h1_sp1_t128_s2_263950_kernel,E1,"(64, 1, 128)",512,171,171,128,128,False,127,0,0,0,74752,74752,74752,3,1,smem,12,4,1,8,75776,4,0.08333333333333333,127,0,0,128,1
gqa_decode,n64_h1_sp4_t128_s2,grid,gqa_decode_grid_n64_h1_sp4_t128_s2_0be304_kernel,E1,"(64, 4, 128)",2048,2048,2048,128,128,False,116,0,0,0,72704,72704,72704,3,1,smem,12,4,1,8,73728,4,0.08333333333333333,116,0,0,128,1
gqa_decode,n64_h1_sp4_t128_s2,persistent,gqa_decode_persistent_n64_h1_sp4_t128_s2_373e5d_kernel,E1,"(64, 4, 128)",2048,188,188,128,128,False,136,0,0,0,74768,74768,74768,3,1,smem,12,3,1,8,75904,4,0.08333333333333333,136,0,0,128,1
gqa_decode,n32_h1_sp1_t64_s2,grid,gqa_decode_grid_n32_h1_sp1_t64_s2_0e5b1d_kernel,E1,"(32, 1, 64)",512,512,512,64,64,False,125,0,0,0,38400,38400,38400,3,2,smem,24,8,2,8,39424,4,0.08333333333333333,125,0,0,64,2
gqa_decode,n32_h1_sp1_t64_s2,persistent,gqa_decode_persistent_n32_h1_sp1_t64_s2_60a646_kernel,E1,"(32, 1, 64)",512,171,171,64,64,False,140,0,0,0,39424,39424,39424,3,2,smem,24,6,2,8,40448,4,0.08333333333333333,140,0,0,64,2
gqa_decode,n128_h1_sp8_t128_s1,grid,gqa_decode_grid_n128_h1_sp8_t128_s1_49cd10_kernel,E1,"(128, 8, 128)",4096,4096,4096,128,128,False,158,0,0,0,74240,74240,74752,3,1,smem,12,3,1,8,75264,4,0.08333333333333333,158,0,0,128,1
gqa_decode,n128_h1_sp8_t128_s1,persistent,gqa_decode_persistent_n128_h1_sp8_t128_s1_fc3086_kernel,E1,"(128, 8, 128)",4096,188,188,128,128,False,202,0,0,0,75792,75792,75792,3,1,smem,12,2,1,8,76928,4,0.08333333333333333,202,0,0,128,1
gqa_decode,n64_h2_sp1_t128_s2,grid,gqa_decode_grid_n64_h2_sp1_t128_s2_0c701e_kernel,E1,"(64, 1, 128)",256,256,256,128,128,False,118,0,0,0,72704,72704,72704,3,1,smem,12,4,1,8,73728,4,0.08333333333333333,118,0,0,128,1
gqa_decode,n64_h2_sp1_t128_s2,persistent,gqa_decode_persistent_n64_h2_sp1_t128_s2_4fe34c_kernel,E1,"(64, 1, 128)",256,86,86,128,128,False,127,0,0,0,74752,74752,74752,3,1,smem,12,4,1,8,75776,4,0.08333333333333333,127,0,0,128,1
gqa_decode,n64_h2_sp4_t128_s2,grid,gqa_decode_grid_n64_h2_sp4_t128_s2_f5d6f6_kernel,E1,"(64, 4, 128)",1024,1024,1024,128,128,False,120,0,0,0,72704,72704,72704,3,1,smem,12,4,1,8,73728,4,0.08333333333333333,120,0,0,128,1
gqa_decode,n64_h2_sp4_t128_s2,persistent,gqa_decode_persistent_n64_h2_sp4_t128_s2_61d176_kernel,E1,"(64, 4, 128)",1024,188,188,128,128,False,137,0,0,0,74768,74768,74768,3,1,smem,12,3,1,8,75904,4,0.08333333333333333,137,0,0,128,1
gqa_decode,n32_h2_sp1_t64_s2,grid,gqa_decode_grid_n32_h2_sp1_t64_s2_11c65d_kernel,E1,"(32, 1, 64)",256,256,256,64,64,False,126,0,0,0,38400,38400,38400,3,2,smem,24,8,2,8,39424,4,0.08333333333333333,126,0,0,64,2
gqa_decode,n32_h2_sp1_t64_s2,persistent,gqa_decode_persistent_n32_h2_sp1_t64_s2_333bee_kernel,E1,"(32, 1, 64)",256,86,86,64,64,False,140,0,0,0,39424,39424,39424,3,2,smem,24,6,2,8,40448,4,0.08333333333333333,140,0,0,64,2
gqa_decode,n128_h2_sp8_t128_s1,grid,gqa_decode_grid_n128_h2_sp8_t128_s1_03e11b_kernel,E1,"(128, 8, 128)",2048,2048,2048,128,128,False,161,0,0,0,74240,74240,74752,3,1,smem,12,3,1,8,75264,4,0.08333333333333333,161,0,0,128,1
gqa_decode,n128_h2_sp8_t128_s1,persistent,gqa_decode_persistent_n128_h2_sp8_t128_s1_5d77c1_kernel,E1,"(128, 8, 128)",2048,188,188,128,128,False,206,0,0,0,75792,75792,75792,3,1,smem,12,2,1,8,76928,4,0.08333333333333333,206,0,0,128,1
rmsnorm,r1_t64_v2,grid,rmsnorm_grid_r1_t64_v2_07edcf_kernel,E1,"(64, 2)",4096,4096,4096,64,64,False,128,0,0,0,8,8,8,1,8,regs,24,8,88,24,1152,16,0.3333333333333333,128,0,0,64,8
rmsnorm,r1_t64_v2,persistent,rmsnorm_persistent_r1_t64_v2_a687c7_kernel,E1,"(64, 2)",4096,188,188,64,64,False,127,0,0,0,8,8,8,1,8,regs,24,8,88,24,1152,16,0.3333333333333333,127,0,0,64,8
rmsnorm,r1_t64_v4,grid,rmsnorm_grid_r1_t64_v4_4615cf_kernel,E1,"(64, 4)",4096,4096,4096,64,64,False,127,0,0,0,8,8,8,1,8,regs,24,8,88,24,1152,16,0.3333333333333333,127,0,0,64,8
rmsnorm,r1_t64_v4,persistent,rmsnorm_persistent_r1_t64_v4_6e8c71_kernel,E1,"(64, 4)",4096,188,188,64,64,False,128,0,0,0,8,8,8,1,8,regs,24,8,88,24,1152,16,0.3333333333333333,128,0,0,64,8
rmsnorm,r1_t64_v8,grid,rmsnorm_grid_r1_t64_v8_d8a5db_kernel,E1,"(64, 8)",4096,4096,4096,64,64,False,114,0,0,0,8,8,8,1,8,regs,24,8,88,24,1152,16,0.3333333333333333,114,0,0,64,8
rmsnorm,r1_t64_v8,persistent,rmsnorm_persistent_r1_t64_v8_f2bec0_kernel,E1,"(64, 8)",4096,188,188,64,64,False,122,0,0,0,8,8,8,1,8,regs,24,8,88,24,1152,16,0.3333333333333333,122,0,0,64,8
rmsnorm,r2_t64_v2,grid,rmsnorm_grid_r2_t64_v2_61a2a0_kernel,E1,"(64, 2)",2048,2048,2048,64,64,False,168,0,0,0,16,16,16,1,6,regs,24,6,88,24,1152,12,0.25,168,0,0,64,6
rmsnorm,r2_t64_v2,persistent,rmsnorm_persistent_r2_t64_v2_a58957_kernel,E1,"(64, 2)",2048,188,188,64,64,False,168,0,0,0,16,16,16,1,6,regs,24,6,88,24,1152,12,0.25,168,0,0,64,6
rmsnorm,r2_t64_v4,grid,rmsnorm_grid_r2_t64_v4_1664d5_kernel,E1,"(64, 4)",2048,2048,2048,64,64,False,181,0,0,0,16,16,16,1,4,regs,24,4,88,24,1152,8,0.16666666666666666,181,0,0,64,4
rmsnorm,r2_t64_v4,persistent,rmsnorm_persistent_r2_t64_v4_3d745a_kernel,E1,"(64, 4)",2048,188,188,64,64,False,247,0,0,0,16,16,16,1,4,regs,24,4,88,24,1152,8,0.16666666666666666,247,0,0,64,4
rmsnorm,r2_t64_v8,grid,rmsnorm_grid_r2_t64_v8_2ed86d_kernel,E1,"(64, 8)",2048,2048,2048,64,64,False,174,0,0,0,16,16,16,1,4,regs,24,4,88,24,1152,8,0.16666666666666666,174,0,0,64,4
rmsnorm,r2_t64_v8,persistent,rmsnorm_persistent_r2_t64_v8_a5a9e8_kernel,E1,"(64, 8)",2048,188,188,64,64,False,205,0,0,0,16,16,16,1,4,regs,24,4,88,24,1152,8,0.16666666666666666,205,0,0,64,4
rmsnorm,r1_t128_v2,grid,rmsnorm_grid_r1_t128_v2_6197f8_kernel,E1,"(128, 2)",4096,4096,4096,128,128,False,56,0,0,0,16,16,16,1,9,regs,12,9,88,24,1152,36,0.75,56,0,0,128,9
rmsnorm,r1_t128_v2,persistent,rmsnorm_persistent_r1_t128_v2_b90795_kernel,E1,"(128, 2)",4096,188,188,128,128,False,64,0,0,0,16,16,16,1,8,regs,12,8,88,24,1152,32,0.6666666666666666,64,0,0,128,8
rmsnorm,r1_t128_v4,grid,rmsnorm_grid_r1_t128_v4_36a330_kernel,E1,"(128, 4)",4096,4096,4096,128,128,False,56,0,0,0,16,16,16,1,9,regs,12,9,88,24,1152,36,0.75,56,0,0,128,9
rmsnorm,r1_t128_v4,persistent,rmsnorm_persistent_r1_t128_v4_aeec77_kernel,E1,"(128, 4)",4096,188,188,128,128,False,63,0,0,0,16,16,16,1,8,regs,12,8,88,24,1152,32,0.6666666666666666,63,0,0,128,8
rmsnorm,r1_t128_v8,grid,rmsnorm_grid_r1_t128_v8_5c8440_kernel,E1,"(128, 8)",4096,4096,4096,128,128,False,56,0,0,0,16,16,16,1,9,regs,12,9,88,24,1152,36,0.75,56,0,0,128,9
rmsnorm,r1_t128_v8,persistent,rmsnorm_persistent_r1_t128_v8_a30fc3_kernel,E1,"(128, 8)",4096,188,188,128,128,False,63,0,0,0,16,16,16,1,8,regs,12,8,88,24,1152,32,0.6666666666666666,63,0,0,128,8
rmsnorm,r2_t128_v2,grid,rmsnorm_grid_r2_t128_v2_ece143_kernel,E1,"(128, 2)",2048,2048,2048,128,128,False,95,0,0,0,32,32,32,1,5,regs,12,5,88,24,1152,20,0.4166666666666667,95,0,0,128,5
rmsnorm,r2_t128_v2,persistent,rmsnorm_persistent_r2_t128_v2_7c25e3_kernel,E1,"(128, 2)",2048,188,188,128,128,False,96,0,0,0,32,32,32,1,5,regs,12,5,88,24,1152,20,0.4166666666666667,96,0,0,128,5
rmsnorm,r2_t128_v4,grid,rmsnorm_grid_r2_t128_v4_333a2f_kernel,E1,"(128, 4)",2048,2048,2048,128,128,False,96,0,0,0,32,32,32,1,5,regs,12,5,88,24,1152,20,0.4166666666666667,96,0,0,128,5
rmsnorm,r2_t128_v4,persistent,rmsnorm_persistent_r2_t128_v4_9db2c7_kernel,E1,"(128, 4)",2048,188,188,128,128,False,96,0,0,0,32,32,32,1,5,regs,12,5,88,24,1152,20,0.4166666666666667,96,0,0,128,5
rmsnorm,r2_t128_v8,grid,rmsnorm_grid_r2_t128_v8_607c29_kernel,E1,"(128, 8)",2048,2048,2048,128,128,False,95,0,0,0,32,32,32,1,5,regs,12,5,88,24,1152,20,0.4166666666666667,95,0,0,128,5
rmsnorm,r2_t128_v8,persistent,rmsnorm_persistent_r2_t128_v8_12c6eb_kernel,E1,"(128, 8)",2048,188,188,128,128,False,96,0,0,0,32,32,32,1,5,regs,12,5,88,24,1152,20,0.4166666666666667,96,0,0,128,5
rmsnorm,r4_t128_v2,grid,rmsnorm_grid_r4_t128_v2_281eba_kernel,E1,"(128, 2)",1024,1024,1024,128,128,False,128,0,0,0,64,64,64,1,4,regs,12,4,88,24,1152,16,0.3333333333333333,128,0,0,128,4
rmsnorm,r4_t128_v2,persistent,rmsnorm_persistent_r4_t128_v2_716ee3_kernel,E1,"(128, 2)",1024,188,188,128,128,False,128,0,0,0,64,64,64,1,4,regs,12,4,88,24,1152,16,0.3333333333333333,128,0,0,128,4
rmsnorm,r4_t128_v4,grid,rmsnorm_grid_r4_t128_v4_8b5cd0_kernel,E1,"(128, 4)",1024,1024,1024,128,128,False,128,0,0,0,64,64,64,1,4,regs,12,4,88,24,1152,16,0.3333333333333333,128,0,0,128,4
rmsnorm,r4_t128_v4,persistent,rmsnorm_persistent_r4_t128_v4_35a56a_kernel,E1,"(128, 4)",1024,188,188,128,128,False,141,0,0,0,64,64,64,1,3,regs,12,3,88,24,1152,12,0.25,141,0,0,128,3
rmsnorm,r4_t128_v8,grid,rmsnorm_grid_r4_t128_v8_4122f6_kernel,E1,"(128, 8)",1024,1024,1024,128,128,False,168,0,0,0,64,64,64,1,3,regs,12,3,88,24,1152,12,0.25,168,0,0,128,3
rmsnorm,r4_t128_v8,persistent,rmsnorm_persistent_r4_t128_v8_60b5c3_kernel,E1,"(128, 8)",1024,188,188,128,128,False,168,0,0,0,64,64,64,1,3,regs,12,3,88,24,1152,12,0.25,168,0,0,128,3
rmsnorm,r1_t256_v2,grid,rmsnorm_grid_r1_t256_v2_3abdf6_kernel,E1,"(256, 2)",4096,4096,4096,256,256,False,38,0,0,0,32,32,32,1,6,regs+warps,6,6,88,24,1152,48,1.0,38,0,0,256,6
rmsnorm,r1_t256_v2,persistent,rmsnorm_persistent_r1_t256_v2_4c714a_kernel,E1,"(256, 2)",4096,188,188,256,256,False,40,0,0,0,32,32,32,1,6,regs+warps,6,6,88,24,1152,48,1.0,40,0,0,256,6
rmsnorm,r1_t256_v4,grid,rmsnorm_grid_r1_t256_v4_cff19d_kernel,E1,"(256, 4)",4096,4096,4096,256,256,False,40,0,0,0,32,32,32,1,6,regs+warps,6,6,88,24,1152,48,1.0,40,0,0,256,6
rmsnorm,r1_t256_v4,persistent,rmsnorm_persistent_r1_t256_v4_afab78_kernel,E1,"(256, 4)",4096,188,188,256,256,False,39,0,0,0,32,32,32,1,6,regs+warps,6,6,88,24,1152,48,1.0,39,0,0,256,6
rmsnorm,r1_t256_v8,grid,rmsnorm_grid_r1_t256_v8_39772b_kernel,E1,"(256, 8)",4096,4096,4096,256,256,False,40,0,0,0,32,32,32,1,6,regs+warps,6,6,88,24,1152,48,1.0,40,0,0,256,6
rmsnorm,r1_t256_v8,persistent,rmsnorm_persistent_r1_t256_v8_5ae5f3_kernel,E1,"(256, 8)",4096,188,188,256,256,False,39,0,0,0,32,32,32,1,6,regs+warps,6,6,88,24,1152,48,1.0,39,0,0,256,6
rmsnorm,r2_t256_v2,grid,rmsnorm_grid_r2_t256_v2_7651c1_kernel,E1,"(256, 2)",2048,2048,2048,256,256,False,48,0,0,0,64,64,64,1,5,regs,6,5,88,24,1152,40,0.8333333333333334,48,0,0,256,5
rmsnorm,r2_t256_v2,persistent,rmsnorm_persistent_r2_t256_v2_bb0175_kernel,E1,"(256, 2)",2048,188,188,256,256,False,56,0,0,0,64,64,64,1,4,regs,6,4,88,24,1152,32,0.6666666666666666,56,0,0,256,4
rmsnorm,r2_t256_v4,grid,rmsnorm_grid_r2_t256_v4_55d566_kernel,E1,"(256, 4)",2048,2048,2048,256,256,False,53,0,0,0,64,64,64,1,4,regs,6,4,88,24,1152,32,0.6666666666666666,53,0,0,256,4
rmsnorm,r2_t256_v4,persistent,rmsnorm_persistent_r2_t256_v4_7149de_kernel,E1,"(256, 4)",2048,188,188,256,256,False,56,0,0,0,64,64,64,1,4,regs,6,4,88,24,1152,32,0.6666666666666666,56,0,0,256,4
rmsnorm,r2_t256_v8,grid,rmsnorm_grid_r2_t256_v8_c12361_kernel,E1,"(256, 8)",2048,2048,2048,256,256,False,55,0,0,0,64,64,64,1,4,regs,6,4,88,24,1152,32,0.6666666666666666,55,0,0,256,4
rmsnorm,r2_t256_v8,persistent,rmsnorm_persistent_r2_t256_v8_da0282_kernel,E1,"(256, 8)",2048,188,188,256,256,False,55,0,0,0,64,64,64,1,4,regs,6,4,88,24,1152,32,0.6666666666666666,55,0,0,256,4
rmsnorm,r4_t256_v2,grid,rmsnorm_grid_r4_t256_v2_e621d1_kernel,E1,"(256, 2)",1024,1024,1024,256,256,False,72,0,0,0,128,128,128,1,3,regs,6,3,88,24,1152,24,0.5,72,0,0,256,3
rmsnorm,r4_t256_v2,persistent,rmsnorm_persistent_r4_t256_v2_0fe579_kernel,E1,"(256, 2)",1024,188,188,256,256,False,80,0,0,0,128,128,128,1,3,regs,6,3,88,24,1152,24,0.5,80,0,0,256,3
rmsnorm,r4_t256_v4,grid,rmsnorm_grid_r4_t256_v4_66bd04_kernel,E1,"(256, 4)",1024,1024,1024,256,256,False,80,0,0,0,128,128,128,1,3,regs,6,3,88,24,1152,24,0.5,80,0,0,256,3
rmsnorm,r4_t256_v4,persistent,rmsnorm_persistent_r4_t256_v4_b7affa_kernel,E1,"(256, 4)",1024,188,188,256,256,False,80,0,0,0,128,128,128,1,3,regs,6,3,88,24,1152,24,0.5,80,0,0,256,3
rmsnorm,r4_t256_v8,grid,rmsnorm_grid_r4_t256_v8_27724c_kernel,E1,"(256, 8)",1024,1024,1024,256,256,False,93,0,0,0,128,128,128,1,2,regs,6,2,88,24,1152,16,0.3333333333333333,93,0,0,256,2
rmsnorm,r4_t256_v8,persistent,rmsnorm_persistent_r4_t256_v8_013c09_kernel,E1,"(256, 8)",1024,188,188,256,256,False,107,0,0,0,128,128,128,1,2,regs,6,2,88,24,1152,16,0.3333333333333333,107,0,0,256,2
rmsnorm,r8_t256_v2,grid,rmsnorm_grid_r8_t256_v2_1a50f0_kernel,E1,"(256, 2)",512,512,512,256,256,False,112,0,0,0,256,256,256,1,2,regs,6,2,80,24,1280,16,0.3333333333333333,112,0,0,256,2
rmsnorm,r8_t256_v2,persistent,rmsnorm_persistent_r8_t256_v2_0fa9bf_kernel,E1,"(256, 2)",512,171,171,256,256,False,126,0,0,0,256,256,256,1,2,regs,6,2,80,24,1280,16,0.3333333333333333,126,0,0,256,2
rmsnorm,r8_t256_v4,grid,rmsnorm_grid_r8_t256_v4_7c834a_kernel,E1,"(256, 4)",512,512,512,256,256,False,110,0,0,0,256,256,256,1,2,regs,6,2,80,24,1280,16,0.3333333333333333,110,0,0,256,2
rmsnorm,r8_t256_v4,persistent,rmsnorm_persistent_r8_t256_v4_f4f3f1_kernel,E1,"(256, 4)",512,171,171,256,256,False,127,0,0,0,256,256,256,1,2,regs,6,2,80,24,1280,16,0.3333333333333333,127,0,0,256,2
rmsnorm,r8_t256_v8,grid,rmsnorm_grid_r8_t256_v8_2162d9_kernel,E1,"(256, 8)",512,512,512,256,256,False,166,0,0,0,256,256,256,1,1,regs,6,1,80,24,1280,8,0.16666666666666666,166,0,0,256,1
rmsnorm,r8_t256_v8,persistent,rmsnorm_persistent_r8_t256_v8_2c6a73_kernel,E1,"(256, 8)",512,171,171,256,256,False,180,0,0,0,256,256,256,1,1,regs,6,1,80,24,1280,8,0.16666666666666666,180,0,0,256,1
rmsnorm,r1_t512_v2,grid,rmsnorm_grid_r1_t512_v2_41d6f6_kernel,E1,"(512, 2)",4096,4096,4096,512,512,False,30,0,0,0,64,64,64,1,3,warps,3,4,88,24,1152,48,1.0,30,0,0,512,3
rmsnorm,r1_t512_v2,persistent,rmsnorm_persistent_r1_t512_v2_eeeeb7_kernel,E1,"(512, 2)",4096,188,188,512,512,False,35,0,0,0,64,64,64,1,3,regs+warps,3,3,88,24,1152,48,1.0,35,0,0,512,3
rmsnorm,r1_t512_v4,grid,rmsnorm_grid_r1_t512_v4_026777_kernel,E1,"(512, 4)",4096,4096,4096,512,512,False,30,0,0,0,64,64,64,1,3,warps,3,4,88,24,1152,48,1.0,30,0,0,512,3
rmsnorm,r1_t512_v4,persistent,rmsnorm_persistent_r1_t512_v4_d9631a_kernel,E1,"(512, 4)",4096,188,188,512,512,False,35,0,0,0,64,64,64,1,3,regs+warps,3,3,88,24,1152,48,1.0,35,0,0,512,3
rmsnorm,r1_t512_v8,grid,rmsnorm_grid_r1_t512_v8_ce9233_kernel,E1,"(512, 8)",4096,4096,4096,512,512,False,30,0,0,0,64,64,64,1,3,warps,3,4,88,24,1152,48,1.0,30,0,0,512,3
rmsnorm,r1_t512_v8,persistent,rmsnorm_persistent_r1_t512_v8_dc03b3_kernel,E1,"(512, 8)",4096,188,188,512,512,False,35,0,0,0,64,64,64,1,3,regs+warps,3,3,88,24,1152,48,1.0,35,0,0,512,3
rmsnorm,r2_t512_v2,grid,rmsnorm_grid_r2_t512_v2_0cb271_kernel,E1,"(512, 2)",2048,2048,2048,512,512,False,50,0,0,0,128,128,128,1,2,regs,3,2,88,24,1152,32,0.6666666666666666,50,0,0,512,2
rmsnorm,r2_t512_v2,persistent,rmsnorm_persistent_r2_t512_v2_a3d772_kernel,E1,"(512, 2)",2048,188,188,512,512,False,54,0,0,0,128,128,128,1,2,regs,3,2,88,24,1152,32,0.6666666666666666,54,0,0,512,2
rmsnorm,r2_t512_v4,grid,rmsnorm_grid_r2_t512_v4_148e02_kernel,E1,"(512, 4)",2048,2048,2048,512,512,False,46,0,0,0,128,128,128,1,2,regs,3,2,88,24,1152,32,0.6666666666666666,46,0,0,512,2
rmsnorm,r2_t512_v4,persistent,rmsnorm_persistent_r2_t512_v4_8ca9e0_kernel,E1,"(512, 4)",2048,188,188,512,512,False,50,0,0,0,128,128,128,1,2,regs,3,2,88,24,1152,32,0.6666666666666666,50,0,0,512,2
rmsnorm,r2_t512_v8,grid,rmsnorm_grid_r2_t512_v8_9d8aac_kernel,E1,"(512, 8)",2048,2048,2048,512,512,False,46,0,0,0,128,128,128,1,2,regs,3,2,88,24,1152,32,0.6666666666666666,46,0,0,512,2
rmsnorm,r2_t512_v8,persistent,rmsnorm_persistent_r2_t512_v8_0c2888_kernel,E1,"(512, 8)",2048,188,188,512,512,False,50,0,0,0,128,128,128,1,2,regs,3,2,88,24,1152,32,0.6666666666666666,50,0,0,512,2
rmsnorm,r4_t512_v2,grid,rmsnorm_grid_r4_t512_v2_e5bbf7_kernel,E1,"(512, 2)",1024,1024,1024,512,512,False,74,0,0,0,256,256,256,1,1,regs,3,1,80,24,1280,16,0.3333333333333333,74,0,0,512,1
rmsnorm,r4_t512_v2,persistent,rmsnorm_persistent_r4_t512_v2_3fe947_kernel,E1,"(512, 2)",1024,188,188,512,512,False,78,0,0,0,256,256,256,1,1,regs,3,1,80,24,1280,16,0.3333333333333333,78,0,0,512,1
rmsnorm,r4_t512_v4,grid,rmsnorm_grid_r4_t512_v4_8d812c_kernel,E1,"(512, 4)",1024,1024,1024,512,512,False,70,0,0,0,256,256,256,1,1,regs,3,1,80,24,1280,16,0.3333333333333333,70,0,0,512,1
rmsnorm,r4_t512_v4,persistent,rmsnorm_persistent_r4_t512_v4_59cfe8_kernel,E1,"(512, 4)",1024,188,188,512,512,False,82,0,0,0,256,256,256,1,1,regs,3,1,80,24,1280,16,0.3333333333333333,82,0,0,512,1
rmsnorm,r4_t512_v8,grid,rmsnorm_grid_r4_t512_v8_818b3b_kernel,E1,"(512, 8)",1024,1024,1024,512,512,False,76,0,0,0,256,256,256,1,1,regs,3,1,80,24,1280,16,0.3333333333333333,76,0,0,512,1
rmsnorm,r4_t512_v8,persistent,rmsnorm_persistent_r4_t512_v8_95b8c2_kernel,E1,"(512, 8)",1024,188,188,512,512,False,88,0,0,0,256,256,256,1,1,regs,3,1,80,24,1280,16,0.3333333333333333,88,0,0,512,1
rmsnorm,r8_t512_v2,grid,rmsnorm_grid_r8_t512_v2_1b889d_kernel,E1,"(512, 2)",512,512,512,512,512,False,72,0,0,0,512,512,512,1,1,regs,3,1,66,24,1536,16,0.3333333333333333,72,0,0,512,1
rmsnorm,r8_t512_v2,persistent,rmsnorm_persistent_r8_t512_v2_cdd6f2_kernel,E1,"(512, 2)",512,171,171,512,512,False,80,0,0,0,512,512,512,1,1,regs,3,1,66,24,1536,16,0.3333333333333333,80,0,0,512,1
rmsnorm,r8_t512_v4,grid,rmsnorm_grid_r8_t512_v4_d80259_kernel,E1,"(512, 4)",512,512,512,512,512,False,88,0,0,0,512,512,512,1,1,regs,3,1,66,24,1536,16,0.3333333333333333,88,0,0,512,1
rmsnorm,r8_t512_v4,persistent,rmsnorm_persistent_r8_t512_v4_29d2ac_kernel,E1,"(512, 4)",512,171,171,512,512,False,96,0,0,0,512,512,512,1,1,regs,3,1,66,24,1536,16,0.3333333333333333,96,0,0,512,1
rmsnorm,r8_t512_v8,grid,rmsnorm_grid_r8_t512_v8_301166_kernel,E1,"(512, 8)",512,512,512,512,512,False,124,0,0,0,512,512,512,1,1,regs,3,1,66,24,1536,16,0.3333333333333333,124,0,0,512,1
rmsnorm,r8_t512_v8,persistent,rmsnorm_persistent_r8_t512_v8_f77060_kernel,E1,"(512, 8)",512,171,171,512,512,False,124,0,0,0,512,512,512,1,1,regs,3,1,66,24,1536,16,0.3333333333333333,124,0,0,512,1
